"year","weights","gender","educ","urban","income_int_dol","income_quint","WORRIED","HEALTHY","FEWFOOD","SKIPPED","ATELESS","RUNOUT","HUNGRY","WHLDAY","HH_size","employment","hours_work","WP23","WP60","WP68","WP69","WP70","WP16","WP18","WP61","WP63","WP65","WP67"
2017,0.506018352333885,1,2,2,3976.65193185886,5,0,0,0,0,0,0,0,0,2,1,2,1,1,1,2,2,6,4,1,1,2,1
2017,1.05387061502253,2,1,2,2006.23881246933,3,0,0,1,0,0,0,0,0,3,NA,NA,1,1,1,1,2,7,5,1,2,2,2
2017,1.00653499470861,1,2,2,1450.94056973229,3,1,1,1,0,1,0,0,0,4,NA,NA,1,1,1,1,1,2,7,1,2,2,1
2017,1.38875096395883,2,1,2,5373.85396197143,5,1,1,1,1,1,1,1,0,4,NA,NA,2,1,2,2,1,2,12,1,1,2,1
2017,0.671023329805742,1,2,2,537.385396197143,1,0,1,1,1,0,1,0,1,2,1,6,2,2,1,1,1,3,3,1,1,1,1
2017,0.702580410015022,2,1,2,1074.77079239429,2,1,1,1,1,1,1,1,0,2,1,5,1,2,1,1,1,3,6,1,1,2,1
2017,0.962940653287041,1,2,2,376.169777338,1,1,0,1,0,0,0,0,0,4,1,5,1,1,1,1,2,3,3,1,2,2,2
2017,0.264907765249226,2,1,2,2149.54158478857,3,1,1,1,1,1,1,1,0,1,NA,NA,1,2,1,1,1,1,2,2,1,2,2
2017,1.08171735925727,1,1,2,1074.77079239429,2,1,1,1,0,1,0,0,0,2,NA,NA,1,2,1,2,1,1,1,1,1,2,2
2017,0.351290205007511,2,1,2,429.908316957714,1,1,1,1,1,1,1,1,0,1,1,3,1,2,1,1,1,1,12,2,2,2,2
2017,1.02693062889677,2,2,1,746.965700714028,2,0,1,1,0,0,0,0,0,4,NA,NA,2,2,2,2,2,6,8,1,1,2,1
2017,0.938151588143701,2,2,1,128.972495087314,1,1,0,1,1,1,1,1,1,5,2,NA,2,2,1,1,1,6,6,2,1,2,2
2017,1.40516082003004,2,1,1,617.993205626714,1,1,1,1,0,1,1,1,0,8,NA,NA,1,2,1,1,1,8,1,1,1,2,2
2017,0.504113053120224,2,1,1,1612.15618859143,3,1,1,1,1,1,0,0,0,4,1,4,1,2,2,2,1,1,12,1,2,2,1
2017,0.264907765249226,2,1,1,1934.58742630971,3,1,1,1,0,1,1,1,0,1,NA,NA,1,1,1,1,1,1,12,1,2,2,1
2017,0.827727322351222,2,1,1,967.293713154857,2,0,0,0,0,0,0,0,0,4,NA,NA,2,1,2,2,1,10,11,1,1,2,1
2017,0.962940653287041,1,2,1,1880.84888669,3,0,1,1,0,0,0,0,0,4,1,3,1,2,1,1,1,1,6,1,1,2,1
2017,1.05387061502253,2,1,1,859.816633915428,2,1,1,1,1,1,1,0,0,5,NA,NA,1,2,1,1,1,2,1,1,1,1,1
2017,1.55230015757674,1,1,1,412.711984279406,1,1,1,1,1,1,1,1,0,5,NA,NA,2,2,1,1,2,1,1,2,1,2,2
2017,1.00822610624045,2,1,1,1504.679109352,3,0,1,1,0,0,0,0,0,4,NA,NA,2,2,1,1,1,12,1,1,2,2,2
2017,0.492718181532495,1,3,2,2686.92698098571,4,0,0,0,0,0,0,0,0,2,NA,NA,2,2,2,2,1,7,8,1,1,2,1
2017,0.653749117756979,2,2,2,4299.08316957714,5,0,0,0,0,0,0,0,0,3,NA,NA,1,1,1,1,2,4,6,1,1,1,1
2017,0.351290205007511,2,1,2,2149.54158478857,3,1,0,0,0,0,0,0,0,1,NA,NA,1,1,1,1,2,7,12,1,1,2,2
2017,1.91159688034792,1,1,2,746.965700714028,2,0,0,0,0,0,0,0,0,4,NA,NA,2,1,2,2,2,9,9,1,1,2,1
2017,1.14864792006474,2,2,2,107.477079239429,1,0,0,0,0,0,0,0,0,6,NA,NA,2,1,2,2,2,8,8,1,1,2,1
2017,1.76849849084493,1,2,2,1289.72495087314,2,0,0,1,0,0,0,0,0,5,1,4,2,1,2,2,2,5,9,1,1,1,1
2017,0.264907765249226,2,1,2,3224.31237718286,4,1,1,1,0,1,0,0,0,1,NA,NA,1,2,1,1,1,5,6,1,2,2,2
2017,0.320022729634891,2,3,2,3224.31237718286,4,0,0,0,0,0,0,0,0,2,NA,NA,1,1,2,1,2,6,7,1,1,2,1
2017,0.506018352333885,1,2,2,2149.54158478857,3,1,1,1,1,1,1,1,1,2,NA,NA,1,2,1,1,1,3,4,2,2,2,2
2017,0.529815530498452,2,1,2,1934.58742630971,3,0,1,0,0,0,1,0,1,2,1,4,1,1,1,1,4,6,8,1,1,2,1
2017,0.838842670110231,2,3,3,3009.358218704,4,0,0,0,0,0,0,0,0,5,1,4,2,1,2,2,2,9,9,1,1,1,1
2017,0.653749117756979,2,2,3,5732.11089276952,5,0,0,0,0,0,0,0,0,3,NA,NA,1,1,2,1,1,6,9,1,2,2,1
2017,1.6225760388859,1,1,3,1074.77079239429,2,1,1,1,0,1,1,1,0,3,1,6,2,1,1,2,2,1,6,1,1,1,1
2017,0.504113053120224,2,1,3,1433.02772319238,2,0,0,0,1,1,0,0,0,3,NA,NA,1,2,1,2,2,1,2,1,1,1,2
2017,1.02693062889677,2,2,3,1719.63326783086,3,0,0,0,0,0,0,0,0,5,1,4,2,1,2,2,2,6,8,1,1,1,1
2017,0.424377330708816,2,3,3,6986.01015056286,5,0,0,0,0,0,0,0,0,2,1,4,1,2,1,1,2,6,6,1,2,2,2
2017,0.21791637258566,2,2,3,859.816633915428,2,1,1,1,1,1,1,1,1,1,2,NA,2,1,2,2,1,12,12,2,2,2,2
2017,0.216343444737728,2,2,3,3933.66110016308,5,1,1,1,1,1,1,1,1,1,NA,NA,1,2,1,1,1,1,6,1,2,2,1
2017,0.21791637258566,2,2,3,3869.17485261943,5,0,0,0,0,0,0,0,0,1,NA,NA,1,1,1,2,2,10,8,1,1,2,1
2017,0.838842670110231,2,3,3,2686.92698098571,4,0,0,0,0,0,0,0,0,4,1,1,2,1,2,2,2,8,9,1,1,2,1
2017,1.2508687841916,2,2,3,1791.28465399048,3,0,0,1,0,0,0,0,0,6,NA,NA,1,2,1,1,2,6,8,1,1,2,1
2017,0.435832745171319,2,2,3,2686.92698098571,4,1,1,1,0,0,1,1,0,2,1,2,1,1,1,1,2,6,8,1,1,1,1
2017,1.0596310609969,2,1,3,1791.28465399048,3,1,1,1,1,1,1,1,1,6,NA,NA,1,1,1,1,1,6,12,1,1,2,1
2017,0.625434392095801,2,2,3,2686.92698098571,4,0,0,0,0,0,0,0,0,4,1,4,2,2,2,2,2,6,1,1,2,1,1
2017,1.00653499470861,1,2,3,3582.56930798095,5,1,0,0,0,0,0,0,0,3,1,4,2,1,2,2,1,6,6,1,1,2,1
2017,0.513465314448385,2,2,3,9135.55173535143,5,0,0,1,0,0,0,0,0,2,NA,NA,2,1,2,2,2,6,12,1,1,1,1
2017,1.08171735925727,1,1,3,537.385396197143,1,1,1,1,1,1,1,1,1,2,2,NA,2,1,2,2,2,1,1,1,1,2,1
2017,0.529815530498452,2,1,3,3654.22069414057,5,1,1,1,0,1,0,NA,0,2,NA,NA,1,2,1,1,1,9,3,1,2,2,2
2017,0.504113053120224,2,1,3,1791.28465399048,3,0,0,0,0,0,0,NA,0,3,NA,NA,2,1,2,2,2,6,6,1,1,2,1
2017,2.16343444737728,1,1,3,3224.31237718286,4,1,1,1,0,1,0,0,0,4,NA,NA,2,1,2,2,2,2,12,1,1,2,1
2017,0.884249245422467,1,2,2,2686.92698098571,4,1,1,1,1,1,0,0,0,4,1,4,2,2,2,2,2,6,9,1,1,2,1
2017,0.57432396003237,2,2,2,1934.58742630971,3,0,0,0,0,0,0,0,0,5,NA,NA,2,2,2,2,2,12,12,1,1,2,1
2017,0.884249245422467,1,2,2,1128.509332014,2,1,1,0,0,0,0,0,0,4,1,4,2,1,2,2,2,6,10,1,1,1,1
2017,0.21791637258566,2,2,2,5373.85396197143,5,0,0,0,0,0,0,0,0,1,NA,NA,1,1,1,1,1,6,1,1,1,2,2
2017,0.653386173254065,1,3,2,9135.55173535143,5,0,0,0,0,0,0,0,0,2,1,4,2,1,2,2,2,9,10,1,1,2,1
2017,0.770197971672577,2,2,1,214.954158478857,1,1,1,1,0,1,0,0,0,4,NA,NA,2,2,2,1,2,7,9,1,1,2,2
2017,1.00822610624045,2,1,1,6986.01015056286,5,1,1,1,0,1,1,0,0,2,NA,NA,1,1,1,1,2,6,6,1,2,2,2
2017,2.06931830587806,2,1,1,921.23210776653,2,0,0,0,0,0,0,0,0,7,NA,NA,2,1,1,1,1,11,11,1,1,2,1
2017,2.06931830587806,2,1,1,368.492843106612,1,1,1,1,1,0,0,1,0,7,2,NA,2,2,1,2,1,6,8,2,2,2,2
2017,2.16343444737728,2,1,1,214.954158478857,1,1,1,1,1,1,1,1,1,8,2,NA,2,1,2,2,2,9,11,1,1,1,1
2017,0.925833975972551,2,1,1,343.926653566171,1,1,1,1,1,0,0,0,0,6,NA,NA,2,1,2,2,2,6,12,1,2,2,3
2017,0.702580410015022,2,1,1,1934.58742630971,3,0,0,1,0,0,0,0,0,2,1,1,1,1,1,1,2,6,7,1,2,2,2
2017,1.34204665961148,1,2,1,1289.72495087314,2,0,0,0,0,0,0,0,0,5,1,5,2,1,2,2,2,8,11,1,1,2,1
2017,1.00822610624045,2,1,1,1433.02772319238,2,0,0,0,0,0,0,0,0,3,NA,NA,2,2,1,2,2,9,12,1,2,2,1
2017,1.8752615015759,1,3,1,1253.89925779333,2,0,0,0,0,0,0,0,0,6,2,NA,2,1,2,2,2,8,12,1,1,2,2
2017,1.08171735925727,1,1,2,2686.92698098571,4,0,0,0,0,0,0,0,0,2,1,5,2,1,2,2,2,6,12,1,1,2,1
2017,2.16343444737728,1,1,2,644.862475436571,1,1,0,0,0,0,0,0,0,8,1,5,2,1,1,2,2,5,6,1,1,1,1
2017,0.815722511437543,1,1,2,1612.15618859143,3,1,1,1,1,1,1,1,1,2,NA,NA,1,2,2,1,2,5,12,1,2,2,2
2017,1.8752615015759,1,3,2,3045.18391178381,4,0,0,0,0,0,0,0,0,6,NA,NA,2,1,2,2,2,8,9,1,1,1,1
2017,1.8516679519451,2,1,2,168.380757475105,1,0,0,1,0,0,0,0,0,6,NA,NA,2,1,2,2,2,3,6,1,1,2,1
2017,1.00822610624045,2,1,2,698.601015056286,1,0,0,1,0,0,0,0,0,4,NA,NA,2,1,2,2,2,11,10,1,1,2,1
2017,0.504113053120224,2,1,2,3654.22069414057,5,1,1,1,1,1,1,1,1,1,2,NA,2,1,2,2,1,6,11,1,1,2,1
2017,1.6225760388859,1,1,2,5158.89980349257,5,1,1,1,0,0,0,0,0,3,1,2,1,1,2,2,2,3,4,1,2,2,1
2017,0.702580410015022,2,1,2,60.9036782356762,1,1,1,1,1,1,1,1,0,6,NA,NA,2,1,1,1,1,4,11,1,2,2,2
2017,0.815722511437543,1,1,2,2149.54158478857,3,1,1,1,0,1,0,0,0,2,1,2,1,1,1,1,1,11,11,1,1,2,1
2017,0.702580410015022,2,1,1,1289.72495087314,2,1,1,1,1,1,1,1,1,2,NA,NA,1,1,1,1,2,6,11,1,1,1,1
2017,1.26504588083471,1,2,1,1970.41311938952,3,1,1,1,0,1,1,1,0,6,1,1,2,2,1,1,2,4,5,1,2,2,2
2017,0.504113053120224,2,1,1,2149.54158478857,3,1,1,1,1,1,1,1,1,2,2,NA,1,1,2,1,1,6,5,1,2,2,2
2017,1.0596310609969,2,1,1,1074.77079239429,2,0,0,0,0,0,0,0,0,5,1,1,2,1,1,2,2,6,6,2,1,2,1
2017,0.702580410015022,2,1,1,2042.06450554914,3,1,1,1,1,1,1,1,0,2,NA,NA,2,2,1,1,1,1,1,2,2,2,2
2017,1.05387061502253,2,1,1,1898.7617332299,3,0,1,1,1,1,1,0,0,3,1,5,2,1,1,1,2,11,11,1,1,1,1
2017,0.770197971672577,2,2,1,2686.92698098571,4,0,0,0,0,0,0,0,0,4,NA,NA,2,1,2,2,2,9,9,1,1,1,2
2017,0.287161980016185,2,2,1,429.908316957714,1,1,1,1,1,1,1,1,1,3,1,2,2,1,1,1,1,6,11,2,1,2,3
2017,1.11845689348031,2,3,1,1074.77079239429,2,0,0,1,0,0,0,0,0,5,1,5,2,2,2,2,2,6,8,3,1,2,1
2017,0.653749117756979,2,2,1,2149.54158478857,3,1,1,1,0,0,0,0,0,3,1,4,1,1,1,1,2,6,11,1,1,2,1
2017,0.653386173254065,1,3,3,9243.02881459085,5,0,0,0,0,0,0,0,0,2,NA,NA,2,2,2,3,1,7,8,1,1,1,1
2017,0.913493240670024,2,3,3,4299.08316957714,5,1,1,1,1,1,1,1,0,3,NA,NA,2,2,1,1,2,8,9,1,1,2,2
2017,1.44441097993056,1,2,3,2149.54158478857,3,1,1,1,0,1,0,0,0,4,1,5,2,1,2,2,2,5,12,1,1,1,1
2017,0.435832745171319,2,2,3,5158.89980349257,5,0,0,0,0,0,0,0,0,2,NA,NA,1,1,1,1,2,7,11,1,1,2,1
2017,1.02693062889677,2,2,3,2149.54158478857,3,0,0,0,0,0,0,0,0,5,2,NA,2,2,1,2,2,8,11,1,1,2,1
2017,0.312717196047901,2,2,3,5588.80812045028,5,0,0,0,0,0,0,0,0,2,NA,NA,2,1,2,2,2,6,9,1,1,1,1
2017,1.40516082003004,2,1,3,4299.08316957714,5,0,0,0,0,0,0,0,0,5,NA,NA,1,1,1,1,2,6,11,1,1,2,1
2017,2.16343444737728,1,2,3,1719.63326783086,3,0,0,0,0,0,0,0,0,5,NA,NA,2,1,2,2,2,8,9,1,1,1,1
2017,1.02693062889677,2,2,3,2257.018664028,4,0,0,0,0,0,0,0,0,4,2,NA,2,1,2,2,2,7,10,1,1,1,1
2017,0.702580410015022,2,1,3,6771.055992084,5,0,0,0,0,0,0,0,0,2,NA,NA,1,1,1,1,2,6,11,1,2,2,1
2017,0.999938815847874,2,3,2,21.4954158478857,1,0,0,0,0,0,0,0,0,4,NA,NA,2,1,2,2,2,6,6,1,1,2,1
2017,0.702580410015022,2,1,2,537.385396197143,1,1,1,1,1,1,1,1,1,2,2,NA,1,1,1,1,2,6,11,1,1,2,2
2017,0.671023329805742,1,2,2,64.4862475436571,1,1,1,1,0,1,1,1,0,2,NA,NA,2,2,2,1,1,6,8,2,1,2,1
2017,0.770197971672577,2,2,2,360.048215452086,1,0,0,0,0,0,0,0,0,4,NA,NA,2,2,2,2,2,6,8,1,1,1,1
2017,1.51233915936067,2,1,2,7165.1386159619,5,1,0,1,0,0,0,0,0,3,NA,NA,2,1,2,2,2,9,7,1,1,2,1
2017,0.671023329805742,1,2,2,1612.15618859143,3,1,1,1,0,0,0,0,0,2,1,3,2,2,1,2,2,5,5,1,1,2,2
2017,2.16343444737728,1,1,2,1612.15618859143,3,0,0,0,0,0,0,0,0,4,NA,NA,2,1,2,2,2,7,8,1,1,1,2
2017,0.264907765249226,2,1,2,2149.54158478857,3,0,0,0,0,0,0,0,0,1,NA,NA,2,2,3,1,1,12,12,1,2,2,1
2017,1.18582372088221,1,2,2,3582.56930798095,5,0,0,0,0,0,0,0,0,3,NA,NA,2,1,2,2,2,9,11,2,1,1,1
2017,2.06931830587806,2,1,2,2866.05544638476,4,0,0,0,0,0,0,0,0,6,NA,NA,2,1,2,2,2,9,10,1,1,1,1
2017,0.504113053120224,2,1,2,143.302772319238,1,1,1,1,1,1,1,1,0,3,1,1,2,2,1,1,1,9,6,1,2,1,2
2017,0.657322503730504,2,2,2,921.23210776653,2,1,0,1,0,0,0,0,0,7,NA,NA,1,1,1,2,2,6,6,1,1,2,1
2017,0.702580410015022,2,1,2,3224.31237718286,4,1,1,1,1,1,1,1,0,2,1,4,1,1,1,1,2,12,12,1,1,2,2
2017,2.16343444737728,2,1,2,671.731745246428,1,0,0,0,0,0,0,0,0,8,1,2,1,2,1,1,2,9,11,1,1,2,1
2017,1.58109829450961,1,2,2,2149.54158478857,3,0,0,0,0,0,0,0,0,4,1,2,2,1,2,2,2,6,9,1,1,1,1
2017,1.2508687841916,2,2,2,1433.02772319238,2,0,1,1,0,0,0,0,0,6,NA,NA,1,2,1,1,1,4,9,1,2,2,2
2017,0.938151588143701,2,2,2,1612.15618859143,3,0,0,0,0,0,0,0,0,4,NA,NA,2,1,2,2,1,7,9,1,1,1,1
2017,0.506018352333885,1,2,2,2418.23428288714,4,0,0,0,0,0,0,0,0,2,NA,NA,1,1,2,2,2,6,4,1,1,2,1
2017,1.63144502287509,1,1,2,806.078094295714,2,0,0,0,0,0,0,0,0,4,NA,NA,1,3,2,1,2,12,12,3,1,2,1
2017,0.264907765249226,2,1,2,1074.77079239429,2,1,1,1,1,1,1,1,1,1,NA,NA,1,2,1,1,1,12,12,1,1,2,3
2017,1.55230015757674,1,1,2,2866.05544638476,4,0,0,0,0,0,0,0,0,3,1,4,2,1,2,2,2,6,7,1,1,2,1
2017,1.00822610624045,2,1,2,515.889980349257,1,1,1,1,1,1,1,1,1,5,NA,NA,2,2,2,2,2,1,3,1,2,2,2
2017,1.00822610624045,2,1,2,1433.02772319238,2,1,1,1,0,0,0,0,0,3,2,NA,1,2,1,1,2,1,2,2,2,2,2
2017,2.16343444737728,1,1,2,2456.61895404408,4,0,0,0,0,0,0,0,0,7,1,4,2,1,2,2,2,6,8,1,1,2,1
2017,1.65545464470244,2,1,2,1074.77079239429,2,0,0,0,0,0,0,0,NA,6,NA,NA,1,1,2,1,2,7,6,2,2,2,1
2017,0.739077272298742,1,3,2,1468.85341627219,3,0,1,1,0,0,0,0,0,6,NA,NA,1,1,2,2,2,5,7,1,1,1,1
2017,0.506018352333885,1,2,2,3761.69777338,5,1,0,0,0,0,0,0,0,2,NA,NA,1,2,1,1,2,5,12,1,2,2,1
2017,1.51233915936067,2,1,2,2149.54158478857,3,1,0,0,0,1,0,0,0,3,1,4,1,2,1,1,2,6,6,1,3,2,1
2017,1.22358376715632,1,1,2,1251.03320234695,2,1,1,1,1,1,1,1,1,5,NA,NA,1,1,1,1,1,1,1,1,2,2,2
2017,0.702580410015022,2,1,2,1862.93604015009,3,1,1,1,1,1,1,1,0,3,NA,NA,2,1,2,2,2,6,6,1,1,1,1
2017,0.625434392095801,2,2,4,2955.61967908428,4,0,0,1,0,1,0,0,0,4,1,5,2,2,1,1,1,6,11,1,1,1,2
2017,0.625434392095801,2,2,4,1343.46349049286,2,1,0,0,0,0,0,0,0,4,NA,NA,2,1,2,2,2,6,9,1,2,2,2
2017,0.671023329805742,1,2,4,5373.85396197143,5,1,1,1,1,1,1,1,1,2,2,NA,1,1,1,1,1,1,1,1,2,2,2
2017,2.16343444737728,1,1,4,2456.61895404408,4,0,0,0,0,0,0,0,0,7,1,1,2,1,2,2,2,7,7,1,1,2,1
2017,1.53954075559077,1,3,4,5373.85396197143,5,0,0,0,0,0,0,0,0,4,1,5,2,1,2,2,2,7,9,1,1,2,1
2017,0.253009176166943,1,2,4,3009.358218704,4,0,1,1,0,1,0,1,0,1,NA,NA,2,1,2,2,1,1,1,1,1,2,1
2017,2.16343444737728,1,1,4,2388.37953865397,4,0,0,1,1,1,1,1,0,9,2,NA,2,2,2,2,2,1,11,2,2,1,2
2017,1.51233915936067,2,1,4,1375.70661426469,2,1,1,1,0,1,0,0,0,5,1,3,2,1,2,2,2,5,7,1,1,1,1
2017,0.671023329805742,1,2,4,2471.97282250686,4,1,1,1,1,1,1,1,1,2,2,NA,1,2,1,1,1,1,1,2,2,2,2
2017,2.16343444737728,1,1,4,716.51386159619,1,1,1,1,1,1,1,1,1,6,2,NA,2,1,2,2,2,11,11,1,1,1,1
2017,1.32453882624613,2,1,3,1848.60576291817,3,0,0,0,0,0,0,0,0,5,NA,NA,1,2,1,1,2,2,2,1,2,2,2
2017,0.794723295747679,2,1,3,2149.54158478857,3,1,1,1,0,1,1,1,0,3,NA,NA,1,1,1,1,1,12,3,1,2,2,2
2017,1.26504588083471,1,2,3,2456.61895404408,4,0,0,0,0,0,0,0,0,7,1,5,2,1,2,2,2,9,11,1,1,2,1
2017,1.0895818629283,2,2,3,859.816633915428,2,0,1,1,0,1,0,0,0,5,2,NA,2,1,2,2,2,6,4,1,1,2,1
2017,0.790549147254806,1,2,3,3224.31237718286,4,0,0,0,0,0,0,0,0,2,1,1,2,1,2,2,2,8,9,1,1,1,1
2017,0.702580410015022,2,1,3,1612.15618859143,3,1,1,1,0,1,0,1,0,2,NA,NA,1,2,1,1,2,8,12,1,1,2,1
2017,0.815722511437543,1,1,3,2686.92698098571,4,0,0,0,0,0,0,0,0,2,NA,NA,2,1,2,1,2,6,6,1,3,2,1
2017,1.05387061502253,2,1,3,1218.07356471352,2,0,1,1,0,1,1,0,0,3,1,1,1,2,1,1,1,12,12,1,1,1,1
2017,1.14864792006474,2,2,3,2149.54158478857,3,1,1,1,1,1,1,1,0,6,1,4,2,2,2,2,2,6,7,1,1,1,1
2017,0.435832745171319,2,2,3,1612.15618859143,3,1,1,1,0,1,0,0,0,2,NA,NA,1,2,1,1,1,1,4,2,2,2,2
2017,1.02693062889677,2,2,4,1791.28465399048,3,0,1,1,0,0,0,0,0,6,1,4,2,1,2,2,2,6,7,1,2,1,1
2017,1.00822610624045,2,1,4,859.816633915428,2,1,1,1,1,1,1,0,0,5,1,5,2,2,1,1,2,6,8,1,2,2,2
2017,0.759027528500828,1,2,4,1612.15618859143,3,1,1,1,0,0,0,0,0,4,1,1,2,1,2,2,2,4,4,1,1,2,1
2017,1.34204665961148,1,2,4,859.816633915428,2,1,1,1,0,0,1,0,0,5,NA,NA,2,1,2,2,2,5,5,1,1,1,1
2017,0.815722511437543,1,1,4,4299.08316957714,5,0,0,1,0,0,0,0,0,3,NA,NA,2,1,2,2,2,8,7,1,1,2,1
2017,1.65545464470244,2,1,4,1612.15618859143,3,0,0,0,0,0,0,0,0,4,1,4,2,1,2,2,2,11,11,1,1,1,1
2017,1.32453882624613,2,1,4,2866.05544638476,4,1,1,1,0,0,0,0,0,6,NA,NA,1,1,1,2,2,6,11,1,1,2,1
2017,1.18582372088221,1,2,4,3582.56930798095,5,0,0,0,0,0,0,0,0,3,1,4,2,2,2,2,2,6,8,1,1,1,1
2017,2.16343444737728,1,2,4,924.302881459085,2,0,0,0,0,0,0,0,0,10,1,4,2,2,2,2,2,8,9,4,2,2,2
2017,2.16343444737728,2,1,4,1361.37633703276,2,1,1,1,1,0,1,1,1,6,1,5,2,2,3,2,2,12,6,1,1,1,1
2017,1.91159688034792,1,1,4,2686.92698098571,4,0,0,0,0,0,0,0,0,4,1,5,2,1,2,2,2,4,8,1,1,2,1
2017,0.435832745171319,2,2,4,2794.40406022514,4,0,0,1,1,1,1,0,0,2,1,5,1,1,1,1,2,5,5,1,1,2,1
2017,0.871665490342638,2,2,4,2149.54158478857,3,1,0,0,0,0,0,0,0,4,NA,NA,1,1,2,1,2,4,7,1,2,2,1
2017,0.925833975972551,2,1,4,2149.54158478857,3,0,0,1,0,0,0,0,0,4,NA,NA,1,2,1,2,2,6,9,1,1,2,1
2017,1.14864792006474,2,2,4,2507.79851558667,4,0,1,1,0,0,0,0,0,6,NA,NA,2,2,2,2,2,6,8,1,2,2,2
2017,0.962940653287041,1,2,3,1880.84888669,3,0,1,NA,0,1,0,0,0,4,1,2,2,2,2,2,2,6,6,1,2,2,1
2017,0.435832745171319,2,2,3,4728.99148653486,5,0,0,0,0,0,0,0,0,2,NA,NA,1,1,1,2,2,11,12,1,1,2,1
2017,0.435832745171319,2,2,3,2149.54158478857,3,0,1,0,0,0,0,0,0,2,NA,NA,1,2,1,1,2,6,8,1,2,2,2
2017,1.51233915936067,2,1,3,3582.56930798095,5,0,0,0,0,0,0,0,0,3,NA,NA,2,1,2,2,2,6,6,1,1,2,1
2017,0.999938815847874,2,3,3,8060.78094295714,5,1,1,1,0,0,0,0,0,4,1,5,2,2,1,2,2,6,9,1,1,2,2
2017,1.58109829450961,1,2,3,6448.62475436571,5,0,0,0,0,0,0,0,0,4,NA,NA,2,2,1,1,1,7,9,1,2,2,1
2017,1.40516082003004,2,1,3,1343.46349049286,2,1,1,1,1,1,1,1,1,4,2,NA,1,2,1,1,1,1,11,1,2,2,1
2017,1.05387061502253,2,1,3,2149.54158478857,3,1,1,1,1,1,1,1,0,3,1,4,2,2,1,1,1,1,6,1,2,2,2
2017,1.65545464470244,2,1,3,2149.54158478857,3,0,0,0,0,0,0,0,0,4,NA,NA,2,1,2,2,2,9,11,1,1,2,1
2017,1.2508687841916,2,2,3,1612.15618859143,3,0,0,0,0,0,0,0,0,8,1,4,2,1,2,2,2,6,9,1,1,1,1
2017,1.08171735925727,1,1,3,1576.33049551162,3,1,1,1,1,1,1,1,1,6,2,NA,1,1,1,1,1,1,1,1,1,2,2
2017,2.1381695304704,1,1,3,197.041311938952,1,1,1,1,1,1,1,1,1,6,NA,NA,2,1,1,2,1,1,6,1,2,2,2
2017,0.815722511437543,1,1,3,725.470284866143,2,1,1,1,1,1,1,1,1,2,NA,NA,1,2,1,1,1,1,12,1,2,2,2
2017,1.38875096395883,2,1,3,2149.54158478857,3,1,1,1,1,1,1,1,1,5,NA,NA,2,2,1,1,1,6,7,1,2,2,2
2017,2.16343444737728,2,1,3,515.889980349257,1,1,1,1,1,1,1,1,1,10,NA,NA,1,1,1,1,1,1,12,1,1,2,2
2017,2.16343444737728,1,1,3,179.128465399048,1,1,1,1,1,1,1,1,1,6,1,1,1,2,1,1,1,1,5,1,2,2,2
2017,2.1381695304704,1,1,3,716.51386159619,1,0,0,1,0,0,0,0,0,3,1,5,2,1,2,2,2,5,12,1,1,2,1
2017,1.05387061502253,2,1,3,1934.58742630971,3,1,1,1,0,0,0,0,0,3,1,1,1,1,2,2,2,7,7,1,1,2,1
2017,1.51233915936067,2,1,3,245.047740665897,1,1,1,1,1,1,1,1,1,5,NA,NA,1,1,1,1,1,7,9,1,1,2,1
2017,0.925833975972551,2,1,3,1289.72495087314,2,1,1,1,1,0,1,1,1,5,NA,NA,1,2,2,1,1,1,12,1,2,2,2
2017,1.8516679519451,2,1,3,2149.54158478857,3,0,0,0,0,0,0,0,0,6,1,4,2,1,2,2,2,7,9,1,1,1,1
2017,1.92588130657408,1,2,3,1289.72495087314,2,1,1,1,1,1,1,1,0,5,2,NA,2,1,1,1,1,6,9,1,1,2,2
2017,1.97637286813702,1,2,3,3582.56930798095,5,0,0,0,0,0,0,0,0,6,NA,NA,2,1,2,2,2,4,9,1,1,2,1
2017,0.625434392095801,2,2,3,1289.72495087314,2,0,0,0,0,0,0,0,0,5,NA,NA,2,1,2,2,2,11,11,1,1,2,1
2017,1.11845689348031,2,3,3,3582.56930798095,5,1,1,1,0,0,0,0,0,6,1,4,2,1,2,2,2,5,6,1,1,2,1
2017,1.0895818629283,2,2,3,1473.97137242645,3,1,1,0,0,0,0,0,0,7,NA,NA,2,1,2,2,3,8,9,2,1,2,2
2017,1.18582372088221,1,2,3,5015.59703117333,5,0,0,0,0,0,0,0,0,3,1,5,2,1,2,2,2,5,7,1,1,1,1
2017,0.938151588143701,2,2,3,3109.67015932747,4,1,1,1,1,1,0,0,0,3,1,4,1,2,1,1,1,1,12,1,2,2,2
2017,0.815722511437543,1,1,3,5642.54666007,5,0,0,0,0,0,0,0,0,2,1,2,1,1,1,1,2,6,9,1,1,2,1
2017,1.02693062889677,2,2,3,1343.46349049286,2,0,1,1,1,1,0,1,0,4,NA,NA,2,2,1,1,1,4,6,1,2,2,1
2017,1.11845689348031,2,3,2,3070.7736925551,4,0,0,0,0,0,0,0,0,7,1,4,2,1,2,2,2,9,11,1,1,2,2
2017,0.636565996063224,2,3,2,12180.7356471352,5,0,0,0,0,0,0,0,0,3,NA,NA,1,1,1,1,2,11,9,1,1,2,2
2017,1.6225760388859,1,1,2,4299.08316957714,5,0,0,0,0,0,0,0,0,3,1,4,2,1,1,2,2,6,7,1,1,2,1
2017,1.29151149819926,1,3,2,7165.1386159619,5,0,1,NA,0,0,0,0,0,3,1,5,2,2,2,1,2,7,8,1,1,1,1
2017,1.02693062889677,2,2,2,1343.46349049286,2,0,0,0,0,0,0,0,0,4,2,NA,2,1,2,2,2,11,11,1,1,1,1
2017,1.08171735925727,1,1,2,128.972495087314,1,1,1,1,0,0,0,0,0,2,1,4,1,1,1,1,1,4,1,2,1,2,2
2017,0.925833975972551,2,1,2,859.816633915428,2,1,1,1,1,1,1,1,0,5,NA,NA,2,2,2,1,2,4,6,1,2,2,1
2017,1.00653499470861,1,2,2,3030.85363455188,4,1,1,1,1,1,1,1,0,3,NA,NA,1,2,1,1,1,1,3,1,2,2,2
2017,1.63144502287509,1,1,2,26.8692698098571,1,1,1,1,1,1,0,1,1,4,NA,NA,1,1,1,1,1,1,5,1,2,2,2
2017,2.16343444737728,1,1,2,51.5889980349257,1,1,1,1,1,1,1,1,1,5,2,NA,1,2,1,1,1,3,1,1,1,2,2
2017,1.27439792023194,1,1,2,3224.31237718286,4,0,0,0,0,0,0,0,0,2,NA,NA,2,1,2,2,2,5,9,1,1,2,1
2017,1.08171735925727,1,1,2,1289.72495087314,2,1,1,1,1,0,1,0,0,2,2,NA,3,1,1,2,2,6,6,1,1,2,1
2017,0.351290205007511,2,1,2,644.862475436571,1,1,1,1,1,1,1,1,1,1,2,NA,1,1,1,1,1,11,11,1,1,2,2
2017,0.264907765249226,2,1,2,2106.5507530928,3,1,1,1,1,1,1,1,1,1,1,2,1,2,1,1,1,3,8,1,1,1,1
2017,1.38875096395883,2,1,2,429.908316957714,1,1,0,1,0,0,0,0,0,4,NA,NA,2,2,1,1,1,1,4,1,2,2,2
2017,2.16343444737728,1,2,2,465.734010037524,1,1,1,1,1,1,1,0,1,6,NA,NA,1,1,1,1,1,4,4,1,2,2,2
2017,0.435832745171319,2,2,2,5373.85396197143,5,0,1,1,0,0,0,0,0,2,1,5,1,2,1,2,2,6,4,1,1,1,1
2017,1.28366328612096,2,2,2,1289.72495087314,2,0,0,0,0,0,0,0,0,5,NA,NA,2,2,1,2,2,6,8,1,1,2,2
2017,0.435832745171319,2,2,2,1612.15618859143,3,1,1,1,0,1,0,0,0,2,1,2,1,1,1,1,2,6,6,1,2,2,2
2017,0.513465314448385,2,2,2,644.862475436571,1,0,0,0,0,0,0,0,0,2,2,NA,2,2,2,2,2,10,10,1,1,1,1
2017,0.702580410015022,2,1,2,2579.44990174628,4,1,1,0,0,1,0,0,0,2,NA,NA,1,2,1,1,2,7,8,1,1,2,2
2017,0.815722511437543,1,1,2,2794.40406022514,4,0,0,0,0,0,0,0,0,2,NA,NA,2,2,1,1,1,6,6,1,1,2,2
2017,0.702580410015022,2,1,2,2095.80304516886,3,0,0,0,0,0,0,0,0,2,NA,NA,2,1,2,2,2,6,6,1,1,2,1
2017,2.16343444737728,1,2,2,1246.73411917737,2,1,1,0,1,1,0,1,0,5,NA,NA,1,2,1,1,1,4,4,1,1,1,1
2017,0.529815530498452,2,1,2,2149.54158478857,3,1,1,1,1,1,1,1,1,2,NA,NA,1,2,1,1,1,2,3,2,1,2,2
2017,1.65545464470244,2,1,2,1401.50111328215,2,0,1,1,0,0,0,0,0,5,2,NA,1,1,2,2,2,2,6,1,1,2,1
2017,1.05387061502253,2,1,2,42.9908316957714,1,1,1,1,0,1,1,1,0,5,NA,NA,1,2,1,1,1,2,12,1,2,2,1
2017,0.815722511437543,1,1,2,263.3188441366,1,0,1,1,1,1,1,1,0,2,NA,NA,2,1,2,1,1,9,6,1,1,1,1
2017,0.815722511437543,1,1,2,107.477079239429,1,1,1,1,0,0,0,0,0,4,NA,NA,1,2,1,2,2,6,7,1,2,1,2
2017,1.8516679519451,2,1,2,51.5889980349257,1,1,0,1,1,0,1,1,0,5,NA,NA,2,1,1,1,2,6,9,1,1,2,1
2017,1.00653499470861,1,2,2,716.51386159619,1,1,1,1,0,1,1,1,0,3,1,2,1,1,2,2,2,4,6,1,1,2,1
2017,1.55230015757674,1,1,2,161.215618859143,1,0,1,1,0,0,0,1,1,4,2,NA,2,2,1,1,1,1,1,2,2,1,2
2017,0.264907765249226,2,1,2,2149.54158478857,3,0,0,1,1,1,1,1,0,1,NA,NA,1,1,1,2,2,11,4,1,1,1,1
2017,1.00822610624045,2,1,2,537.385396197143,1,1,1,0,0,1,0,0,0,2,1,4,1,2,1,1,1,6,8,2,2,2,2
2017,0.702580410015022,2,1,2,3224.31237718286,4,1,1,1,1,1,0,1,0,2,NA,NA,1,2,1,1,1,6,9,1,2,2,2
2017,1.58109829450961,1,2,1,2149.54158478857,3,0,0,0,0,0,0,0,0,4,NA,NA,2,1,2,2,2,8,6,1,1,1,1
2017,1.51233915936067,2,1,1,71.651386159619,1,0,0,0,0,0,0,0,0,6,2,NA,2,1,1,1,1,6,9,1,1,2,1
2017,1.6225760388859,1,1,1,716.51386159619,1,1,1,1,0,0,0,0,0,3,2,NA,1,1,2,1,2,6,8,1,1,2,2
2017,1.97637286813702,1,2,1,2149.54158478857,3,0,0,0,0,0,0,0,0,5,NA,NA,2,1,2,2,2,8,11,1,1,1,1
2017,0.504113053120224,2,1,1,5373.85396197143,5,0,0,0,0,0,0,0,0,4,NA,NA,1,1,2,1,2,11,11,1,1,2,2
2017,1.02693062889677,2,2,1,1074.77079239429,2,0,0,0,0,0,0,0,0,6,NA,NA,2,1,2,2,2,8,10,1,1,1,1
2017,1.18582372088221,1,2,1,2866.05544638476,4,0,0,1,0,1,0,0,0,3,1,2,2,1,1,2,2,8,9,1,1,1,1
2017,0.504113053120224,2,1,1,1074.77079239429,2,0,0,0,0,0,0,0,0,4,NA,NA,2,1,2,2,2,11,11,1,1,2,1
2017,1.22358376715632,1,1,1,1031.77996069851,2,1,0,1,0,1,1,1,0,5,NA,NA,1,2,1,1,1,6,8,1,2,2,1
2017,0.559228446740154,2,3,1,2866.05544638476,4,0,0,0,0,0,0,0,0,3,1,3,2,1,2,2,2,9,11,1,1,2,1
2017,0.838842670110231,2,3,2,322.431237718286,1,0,1,1,0,0,0,0,1,3,2,NA,2,1,2,1,1,1,2,1,1,1,1
2017,0.653749117756979,2,2,2,888.477188379276,2,0,0,1,0,0,0,0,0,3,NA,NA,1,1,1,1,1,8,6,1,2,2,2
2017,0.462916987986276,2,1,2,322.431237718286,1,1,1,1,1,1,1,1,1,4,2,NA,2,1,1,2,1,5,9,1,1,2,2
2017,1.18582372088221,1,2,2,376.169777338,1,0,1,1,0,1,0,0,1,4,NA,NA,2,1,2,2,2,8,9,1,1,1,1
2017,0.999938815847874,2,3,2,1612.15618859143,3,0,0,0,0,0,0,0,0,4,2,NA,2,1,2,2,2,9,11,1,1,2,1
2017,0.861007665466174,1,3,2,5373.85396197143,5,0,0,0,0,0,0,0,0,2,1,4,2,1,2,2,2,11,11,1,1,3,1
2017,1.3263738681337,1,2,2,716.51386159619,1,0,0,0,0,0,0,0,0,3,NA,NA,2,2,1,2,2,1,1,1,2,2,1
2017,0.57432396003237,2,2,2,322.431237718286,1,1,1,1,1,1,1,1,0,4,NA,NA,2,2,1,1,1,6,5,2,2,2,2
2017,1.11845689348031,2,3,2,2364.49574326743,4,0,0,0,0,0,0,0,0,5,1,4,2,1,2,2,2,9,10,1,2,2,1
2017,0.529815530498452,2,1,2,1074.77079239429,2,1,0,1,0,0,0,0,0,4,NA,NA,1,2,1,1,1,6,8,1,2,2,1
2017,1.8516679519451,2,1,2,921.23210776653,2,1,1,1,1,1,1,1,1,7,1,5,2,2,2,2,1,4,7,1,2,1,2
2017,0.925833975972551,2,1,2,1397.20203011257,2,0,0,0,0,0,0,0,0,3,NA,NA,2,1,2,2,2,9,12,1,1,1,1
2017,1.00653499470861,1,2,2,2866.05544638476,4,0,0,0,0,0,0,0,0,3,1,5,2,2,1,1,2,6,8,1,1,2,1
2017,1.18582372088221,1,2,2,716.51386159619,1,1,0,0,0,0,0,0,0,3,NA,NA,2,1,1,1,1,6,4,1,2,2,1
2017,2.16343444737728,1,1,2,537.385396197143,1,1,1,1,1,1,1,1,1,4,NA,NA,2,2,2,2,2,1,6,1,1,2,1
2017,0.513465314448385,2,2,2,1433.02772319238,2,1,1,1,0,1,0,0,0,3,NA,NA,2,2,2,2,1,6,9,1,1,1,2
2017,0.264907765249226,2,1,2,1934.58742630971,3,0,0,0,0,0,0,0,0,1,NA,NA,1,1,1,1,1,5,12,1,1,1,1
2017,0.407861255718771,1,1,2,2149.54158478857,3,0,0,0,0,0,0,0,0,1,NA,NA,2,1,2,2,2,11,12,1,1,2,1
2017,1.65545464470244,2,1,2,537.385396197143,1,0,1,1,0,0,0,0,0,4,NA,NA,2,1,2,2,2,6,6,1,1,1,1
2017,0.925833975972551,2,1,2,1074.77079239429,2,0,1,1,0,1,0,1,0,4,NA,NA,2,1,2,2,2,2,3,1,1,2,1
2017,0.492718181532495,1,3,3,5481.33104121086,5,0,0,0,0,0,0,0,0,2,NA,NA,2,1,2,2,2,11,9,1,1,1,1
2017,1.8752615015759,1,3,3,214.954158478857,1,0,0,0,0,0,0,0,0,6,1,2,2,1,1,2,2,6,6,1,1,1,1
2017,0.264907765249226,2,1,3,322.431237718286,1,0,0,0,0,0,0,0,0,1,NA,NA,1,2,1,2,2,1,3,1,1,2,1
2017,1.34204665961148,1,2,3,161.215618859143,1,1,1,1,0,1,0,1,0,4,1,4,2,1,2,2,2,6,8,1,1,2,1
2017,0.506018352333885,1,2,3,591.123935816857,1,0,0,0,0,0,0,0,0,2,NA,NA,1,1,2,2,1,9,9,1,2,2,2
2017,0.671023329805742,1,2,3,6448.62475436571,5,0,0,0,0,0,0,0,0,2,1,5,1,2,2,2,2,6,6,1,1,2,1
2017,0.937630750787952,1,3,3,4030.39047147857,5,0,0,0,0,0,0,0,0,4,1,4,2,1,2,2,2,7,9,1,1,3,1
2017,0.328661251865252,2,2,3,3761.69777338,5,1,1,1,0,1,0,0,0,2,NA,NA,1,1,1,1,1,4,12,1,1,2,1
2017,1.00653499470861,1,2,3,4299.08316957714,5,1,1,1,0,1,0,0,0,3,1,4,2,1,2,2,2,1,6,1,1,2,1
2017,0.435832745171319,2,2,3,9672.93713154857,5,0,0,0,0,0,0,0,0,2,1,2,2,1,2,2,2,8,12,1,1,2,1
2017,1.02693062889677,2,2,4,4299.08316957714,5,0,0,0,0,0,0,0,0,5,NA,NA,1,1,2,2,2,7,10,1,1,1,1
2017,0.815722511437543,1,1,4,2149.54158478857,3,0,1,1,0,1,0,1,0,2,NA,NA,1,2,1,1,1,6,4,1,1,2,2
2017,1.00653499470861,1,2,4,1074.77079239429,2,1,1,1,1,1,1,1,1,4,1,3,1,2,1,1,2,3,9,1,1,1,1
2017,1.00822610624045,2,1,4,1612.15618859143,3,1,0,1,0,0,0,0,0,4,NA,NA,2,1,2,2,2,3,3,1,1,2,1
2017,2.15251916366543,1,3,4,1289.72495087314,2,1,1,1,0,1,0,1,0,5,2,NA,2,1,2,2,2,2,4,1,1,2,1
2017,1.3263738681337,1,2,4,1791.28465399048,3,1,1,1,0,0,0,0,0,3,NA,NA,2,2,2,1,1,6,6,2,2,1,1
2017,0.962940653287041,1,2,4,1074.77079239429,2,0,0,0,0,0,0,0,0,4,1,5,1,2,2,2,2,6,8,1,2,1,1
2017,0.838842670110231,2,3,4,3224.31237718286,4,0,0,0,0,0,0,0,0,4,2,NA,2,1,2,2,2,6,6,1,1,2,1
2017,0.529815530498452,2,1,4,5373.85396197143,5,0,0,0,0,0,0,0,0,3,NA,NA,1,1,1,2,2,4,4,1,1,2,1
2017,1.00822610624045,2,1,4,2149.54158478857,3,1,1,1,1,1,1,1,1,2,2,NA,2,1,2,2,2,4,4,1,1,2,1
2017,0.838842670110231,2,3,3,372.587208030019,1,1,0,0,0,0,0,0,0,3,1,4,2,1,2,2,2,5,8,1,1,1,1
2017,0.625434392095801,2,2,3,50.1559703117333,1,1,0,1,0,0,0,0,0,3,2,NA,2,2,1,2,2,6,7,1,1,2,1
2017,0.504113053120224,2,1,3,24.1823428288714,1,1,1,1,1,1,1,1,0,4,NA,NA,1,2,1,1,2,4,6,1,1,2,2
2017,0.264907765249226,2,1,3,322.431237718286,1,1,1,1,0,0,0,0,0,1,NA,NA,1,2,1,1,1,1,1,2,2,2,2
2017,0.506018352333885,1,2,3,322.431237718286,1,1,0,0,0,1,0,0,0,2,NA,NA,1,2,1,2,1,6,8,1,1,2,2
2017,0.529815530498452,2,1,3,2579.44990174628,4,0,0,0,0,0,0,0,0,2,NA,NA,1,1,2,2,2,5,9,1,1,2,1
2017,0.861007665466174,1,3,3,NA,5,0,0,0,0,0,0,0,0,2,1,4,2,2,1,1,2,9,10,1,2,2,2
2017,0.328661251865252,2,2,3,2418.23428288714,4,1,1,1,0,1,1,NA,0,2,NA,NA,1,1,1,1,2,4,12,1,1,2,2
2017,0.435832745171319,2,2,3,644.862475436571,1,1,1,1,1,1,1,1,0,2,NA,NA,2,1,2,2,1,2,6,1,1,2,2
2017,1.24159098352683,2,1,3,2149.54158478857,3,0,0,0,0,0,0,0,0,3,NA,NA,2,1,2,1,2,6,8,1,1,1,1
2017,0.351290205007511,2,1,2,429.908316957714,1,1,1,1,1,1,1,1,1,1,NA,NA,1,2,1,1,1,1,2,1,2,2,2
2017,0.625434392095801,2,2,2,1880.84888669,3,0,0,0,0,0,0,1,0,4,1,4,1,2,1,1,1,4,12,1,1,2,2
2017,1.6225760388859,1,1,2,358.256930798095,1,1,1,1,1,1,1,1,1,3,1,5,1,2,1,1,1,1,1,1,2,2,2
2017,1.91159688034792,1,1,2,806.078094295714,2,1,1,1,1,1,1,1,1,4,NA,NA,2,2,2,2,2,3,4,2,1,2,1
2017,1.55230015757674,1,1,2,4299.08316957714,5,0,0,0,0,0,0,0,0,3,1,4,2,1,2,2,2,6,6,1,1,2,1
2017,2.16343444737728,1,1,2,288.038572361669,1,1,1,1,0,0,1,1,0,5,NA,NA,1,1,2,2,2,2,4,1,1,1,1
2017,2.01645221248089,2,1,2,1880.84888669,3,0,0,0,0,0,0,0,0,4,1,5,1,1,2,2,2,5,1,1,1,1,1
2017,0.435832745171319,2,2,2,2149.54158478857,3,1,1,1,0,0,0,0,0,2,2,NA,1,2,1,1,1,8,7,1,1,2,2
2017,0.671023329805742,1,2,2,4836.46856577428,5,0,0,0,0,0,0,0,0,2,1,5,1,1,2,2,2,6,6,1,1,2,1
2017,0.861485940048556,2,2,2,1719.63326783086,3,0,0,0,0,0,0,0,0,5,1,3,2,1,2,2,2,9,12,1,1,1,1
2017,1.75645102503756,2,1,2,614.15473851102,1,1,1,1,0,1,1,1,0,7,NA,NA,2,2,2,1,2,1,4,1,1,2,2
2017,0.702580410015022,2,1,2,3224.31237718286,4,0,0,1,0,0,0,0,0,2,NA,NA,1,2,1,1,1,1,1,1,2,2,2
2017,1.43580990008093,2,2,2,179.128465399048,1,0,0,1,0,0,0,0,0,6,NA,NA,2,1,2,2,2,7,9,1,1,2,1
2017,1.18582372088221,1,2,2,1719.63326783086,3,0,0,0,0,0,0,0,0,3,NA,NA,2,1,2,2,2,1,6,1,2,2,1
2017,2.16343444737728,1,1,2,1612.15618859143,3,0,0,1,0,0,0,0,0,4,NA,NA,2,1,2,2,1,5,6,1,1,2,1
2017,1.22358376715632,1,1,2,1862.93604015009,3,1,1,1,1,1,1,1,1,3,NA,NA,1,2,2,1,1,5,3,2,2,2,2
2017,2.16343444737728,1,1,2,716.51386159619,1,1,1,1,1,1,1,1,1,6,1,5,1,2,1,1,1,4,7,2,2,2,2
2017,1.51233915936067,2,1,2,967.293713154857,2,1,1,1,1,1,1,1,1,4,NA,NA,2,2,2,1,1,2,3,1,1,2,2
2017,1.65545464470244,2,1,2,1612.15618859143,3,1,1,1,1,1,1,1,1,4,2,NA,2,1,2,1,1,1,2,1,2,2,2
2017,0.504113053120224,2,1,2,1074.77079239429,2,1,1,1,0,0,0,0,0,2,NA,NA,1,2,1,1,1,1,12,1,1,2,2
2017,2.16343444737728,1,1,2,806.078094295714,2,0,1,1,1,0,0,0,0,8,2,NA,2,2,1,1,1,1,3,3,2,2,2
2017,0.435832745171319,2,2,2,2149.54158478857,3,1,1,1,1,1,0,0,0,2,NA,NA,1,2,1,1,2,8,6,1,1,2,2
2017,2.06931830587806,2,1,2,537.385396197143,1,1,1,1,1,1,1,1,1,6,NA,NA,2,2,1,1,1,2,4,1,2,1,2
2017,0.749954111885905,2,3,2,2149.54158478857,3,0,0,1,0,0,0,0,0,3,NA,NA,2,1,2,2,2,5,8,1,1,1,1
2017,0.506018352333885,1,2,2,3224.31237718286,4,0,0,0,0,0,0,0,0,2,1,4,1,2,1,1,1,5,6,1,1,1,1
2017,0.529815530498452,2,1,2,2686.92698098571,4,1,1,1,1,1,1,1,1,2,NA,NA,1,2,1,1,1,1,2,1,2,2,2
2017,0.749954111885905,2,3,2,716.51386159619,1,0,1,1,0,0,1,0,0,3,2,NA,2,2,1,1,1,6,8,1,2,1,2
2017,0.794723295747679,2,1,2,2149.54158478857,3,1,1,1,1,1,1,1,1,3,NA,NA,1,2,1,1,1,2,1,2,2,2,2
2017,2.01645221248089,2,1,2,1074.77079239429,2,1,1,1,1,1,1,1,1,6,NA,NA,1,2,1,1,1,3,4,1,2,2,2
2017,0.529815530498452,2,1,2,2686.92698098571,4,1,1,1,1,1,1,1,1,2,NA,NA,1,2,1,1,1,2,3,1,1,2,2
2017,1.91159688034792,1,1,2,1791.28465399048,3,0,0,0,0,0,1,0,0,3,NA,NA,2,1,1,2,2,8,6,1,1,1,1
2017,1.8516679519451,2,1,2,537.385396197143,1,0,1,1,0,0,0,0,0,8,NA,NA,1,2,2,2,2,6,11,2,1,2,2
2017,0.351290205007511,2,1,2,2149.54158478857,3,1,1,1,1,1,1,1,0,1,1,2,1,2,1,1,1,6,6,2,2,2,2
2017,2.16343444737728,1,1,2,501.559703117333,1,1,1,1,1,0,1,1,0,3,1,1,2,1,2,2,1,2,2,2,2,2,2
2017,1.55230015757674,1,1,2,214.954158478857,1,1,1,1,0,1,0,0,0,5,NA,NA,2,2,1,1,1,2,2,1,2,2,2
2017,0.82165312966313,2,2,2,2507.79851558667,4,1,0,0,0,0,0,0,0,6,1,2,1,1,1,1,1,8,9,1,1,2,1
2017,1.00822610624045,2,1,2,3582.56930798095,5,1,0,0,0,0,0,0,0,3,1,4,2,2,1,1,2,6,12,1,1,2,1
2017,0.794723295747679,2,1,2,1074.77079239429,2,0,0,0,0,0,0,0,0,5,1,1,2,2,1,2,1,5,6,1,2,2,2
2017,1.00653499470861,1,2,2,1074.77079239429,2,1,0,0,0,0,0,0,0,3,1,2,1,2,2,1,2,6,4,1,1,2,1
2017,2.1381695304704,1,1,2,716.51386159619,1,1,1,1,0,1,0,1,0,3,NA,NA,1,1,2,1,1,3,2,1,2,2,2
2017,0.540858679628633,1,1,2,2149.54158478857,3,0,1,1,0,0,0,1,0,1,1,3,2,2,1,1,1,2,3,1,2,2,2
2017,1.32453882624613,2,1,2,1074.77079239429,2,1,1,1,1,1,1,1,0,6,NA,NA,1,2,1,1,1,5,6,1,2,2,2
2017,1.01203670466777,1,2,2,2686.92698098571,4,1,1,1,1,1,1,1,1,4,1,2,1,2,1,1,1,6,5,1,2,2,2
2017,0.407861255718771,1,1,2,3224.31237718286,4,0,1,1,1,1,0,0,0,1,NA,NA,1,1,1,1,1,5,3,1,1,2,2
2017,0.815722511437543,1,1,2,2418.23428288714,4,1,1,1,0,1,0,0,0,2,1,4,1,1,1,2,2,6,6,1,1,1,1
2017,1.76849849084493,1,2,2,1934.58742630971,3,1,1,1,0,1,0,0,0,5,2,NA,1,1,2,2,2,8,9,1,2,2,1
2017,1.40516082003004,2,1,2,1633.65160443931,3,0,0,1,0,0,0,1,1,5,1,3,2,2,1,1,1,4,8,1,1,2,1
2017,1.63144502287509,1,1,2,1862.93604015009,3,0,1,1,1,1,0,0,0,6,1,5,1,2,1,1,1,6,8,1,2,2,2
2017,1.8516679519451,2,1,2,680.688168516381,1,0,0,0,0,0,0,0,0,6,1,1,2,2,1,1,1,6,6,2,2,2,2
2017,1.29151149819926,1,3,2,4299.08316957714,5,0,0,1,0,0,0,0,0,3,1,4,2,2,2,2,2,7,9,2,1,2,2
2017,1.76849849084493,1,2,2,2686.92698098571,4,0,0,0,0,0,0,0,0,4,1,5,2,2,1,1,2,5,7,1,1,2,1
2017,0.625434392095801,2,2,2,8813.12049763314,5,0,0,0,0,0,0,0,0,2,1,2,2,1,2,2,2,9,10,1,1,2,2
2017,0.848754661417632,2,3,2,2866.05544638476,4,0,0,0,0,0,0,0,0,6,NA,NA,1,1,2,2,2,6,8,1,1,2,1
2017,0.435832745171319,2,2,2,3761.69777338,5,0,0,0,0,0,0,0,0,2,1,5,2,2,1,1,1,6,7,1,1,2,1
2017,1.3263738681337,1,2,2,3761.69777338,5,0,0,0,0,1,0,0,0,4,1,5,2,2,1,1,1,6,6,2,2,2,2
2017,1.22358376715632,1,1,2,1175.08273301775,2,0,0,0,0,0,0,0,0,3,NA,NA,1,1,1,1,2,6,3,1,2,2,1
2017,0.657322503730504,2,2,2,2579.44990174628,4,0,0,0,0,0,0,0,0,6,1,1,2,2,1,1,2,6,7,1,2,2,1
2017,0.328661251865252,2,2,2,4836.46856577428,5,0,0,0,0,0,0,0,0,2,NA,NA,1,1,1,2,2,6,8,1,1,2,1
2017,0.671023329805742,1,2,2,2149.54158478857,3,0,0,0,0,0,0,0,0,2,1,3,1,2,1,1,2,6,8,1,2,1,1
2017,0.770197971672577,2,2,2,537.385396197143,1,1,0,0,1,0,0,0,0,4,NA,NA,2,2,2,2,1,8,9,1,2,1,1
2017,0.671023329805742,1,2,2,3224.31237718286,4,1,1,1,0,1,1,1,0,2,NA,NA,2,1,2,2,2,6,8,1,2,2,2
2017,0.21791637258566,2,2,2,1934.58742630971,3,1,0,0,0,0,0,0,0,1,1,3,1,2,1,1,2,6,9,1,2,2,2
2017,1.22358376715632,1,1,2,1576.33049551162,3,1,1,1,0,1,1,1,1,3,NA,NA,1,1,1,1,1,2,3,1,1,1,2
2017,1.51233915936067,2,1,2,5015.59703117333,5,0,0,0,0,0,0,0,0,3,1,5,2,1,1,1,2,9,6,1,1,1,1
2017,1.8516679519451,2,1,2,1433.02772319238,2,0,0,0,0,0,0,0,0,6,1,2,2,2,1,2,2,11,11,1,1,2,2
2017,1.02693062889677,2,2,2,895.642326995238,2,1,1,1,0,0,0,0,0,6,NA,NA,2,2,1,1,1,4,6,1,2,2,2
2017,0.435832745171319,2,2,2,2364.49574326743,4,0,0,0,0,0,0,0,0,2,1,2,1,1,1,1,2,4,12,1,1,1,1
2017,0.815722511437543,1,1,2,2149.54158478857,3,1,1,1,1,1,1,1,0,2,2,NA,1,2,2,1,1,6,4,2,2,2,2
2017,1.6225760388859,1,1,2,8956.42326995238,5,1,1,1,0,1,0,1,0,3,1,4,1,1,2,2,2,3,5,1,1,1,1
2017,0.671023329805742,1,2,2,1612.15618859143,3,0,0,0,0,0,0,0,0,2,NA,NA,1,2,2,1,2,6,6,1,1,2,2
2017,0.435832745171319,2,2,2,4836.46856577428,5,1,0,0,0,0,0,0,0,2,1,3,1,1,2,1,2,8,6,1,1,2,1
2017,2.03930627859386,1,1,2,687.853307132343,1,1,1,1,0,1,0,0,0,5,NA,NA,1,1,1,1,2,6,12,1,1,2,2
2017,1.63144502287509,1,1,2,859.816633915428,2,0,0,0,0,0,0,0,0,6,NA,NA,1,1,1,1,2,8,9,1,1,2,1
2017,0.671023329805742,1,2,2,8598.16633915428,5,0,0,0,0,0,0,0,0,2,1,4,2,2,2,2,2,8,6,1,1,2,1
2017,2.16343444737728,1,1,2,537.385396197143,1,1,1,1,1,1,1,1,1,4,2,NA,2,1,1,1,2,6,6,1,2,2,2
2017,0.653386173254065,1,3,3,9350.50589383028,5,0,0,0,0,0,0,0,0,2,1,3,2,2,2,1,1,5,7,1,3,1,2
2017,0.913493240670024,2,3,3,6448.62475436571,5,0,0,0,0,0,0,0,0,5,1,4,2,1,1,2,2,8,9,1,1,1,1
2017,0.938151588143701,2,2,3,859.816633915428,2,1,1,1,1,1,1,1,1,3,2,NA,1,2,1,1,1,1,1,1,2,2,2
2017,0.636565996063224,2,3,3,7165.1386159619,5,0,0,0,0,0,0,0,0,3,1,3,2,1,2,2,2,8,9,1,1,1,1
2017,0.504113053120224,2,1,3,2866.05544638476,4,1,1,1,1,1,1,1,1,3,2,NA,1,1,1,1,1,3,6,1,1,1,1
2017,0.937630750787952,1,3,3,6448.62475436571,5,0,0,0,0,0,0,0,0,2,1,2,2,2,2,2,2,4,9,1,1,2,1
2017,0.871665490342638,2,2,3,2328.67005018762,4,0,0,0,0,0,0,0,0,6,NA,NA,2,1,2,2,2,5,6,1,1,2,1
2017,0.559228446740154,2,3,3,6448.62475436571,5,0,0,0,0,0,0,0,0,3,1,3,2,2,1,2,2,8,8,1,1,1,1
2017,0.702580410015022,2,1,3,4299.08316957714,5,1,1,1,0,0,0,0,0,2,NA,NA,1,1,1,1,1,11,11,1,1,1,1
2017,0.749954111885905,2,3,3,3295.96376334248,4,0,0,0,0,0,0,0,0,3,1,2,2,1,2,2,1,7,9,1,1,2,2
2017,1.08171735925727,1,1,3,3224.31237718286,4,1,1,1,1,1,1,1,0,2,NA,NA,2,1,2,2,1,6,12,1,2,2,2
2017,0.328661251865252,2,2,3,3976.65193185886,5,0,0,0,0,0,0,0,0,2,NA,NA,2,1,2,1,2,8,11,1,1,1,1
2017,0.848754661417632,2,3,3,3224.31237718286,4,1,1,1,0,0,0,0,0,4,1,4,2,2,2,2,1,6,7,1,1,1,1
2017,0.608995493780016,2,3,3,12897.2495087314,5,0,0,0,0,0,0,0,0,2,1,3,1,2,1,2,2,7,9,1,2,2,1
2017,0.815722511437543,1,1,3,3761.69777338,5,0,0,0,0,0,0,0,0,2,NA,NA,2,1,1,1,1,6,11,1,1,1,2
2017,0.216343444737728,2,3,3,5373.85396197143,5,0,0,0,0,0,0,0,0,1,NA,NA,1,1,1,1,2,9,9,1,2,2,1
2017,0.608995493780016,2,3,3,8598.16633915428,5,0,0,0,0,0,0,0,0,2,NA,NA,2,1,1,2,2,7,9,1,1,1,2
2017,0.435832745171319,2,2,3,6448.62475436571,5,0,0,0,0,0,0,0,0,2,1,5,1,2,1,2,2,8,6,1,2,2,1
2017,0.794723295747679,2,1,3,752.339554676,2,1,1,1,1,1,1,1,1,4,NA,NA,1,2,1,1,1,6,6,1,1,2,2
2017,0.938151588143701,2,2,3,4299.08316957714,5,0,0,0,0,0,0,0,0,4,NA,NA,2,1,2,2,2,9,11,1,1,1,1
2017,0.21791637258566,2,2,4,2063.55992139703,3,0,0,0,0,0,0,0,0,1,NA,NA,1,1,1,2,2,10,9,1,1,1,1
2017,1.58109829450961,1,2,4,1074.77079239429,2,0,0,0,0,0,0,0,0,4,NA,NA,2,1,2,2,2,11,9,1,1,1,1
2017,0.794723295747679,2,1,4,945.798297306971,2,0,0,0,1,1,0,1,0,5,NA,NA,1,2,1,1,1,2,3,1,1,2,1
2017,2.16343444737728,1,1,4,1117.76162409006,2,0,0,1,0,0,1,1,1,5,NA,NA,1,2,2,1,1,1,2,1,2,2,2
2017,1.02693062889677,2,2,4,268.692698098571,1,1,1,1,1,1,1,1,1,4,2,NA,2,2,2,1,1,2,2,2,2,2,2
2017,0.435832745171319,2,2,4,2471.97282250686,4,1,1,1,1,1,1,1,1,2,NA,NA,1,2,2,1,1,3,3,2,1,2,1
2017,1.38875096395883,2,1,4,2149.54158478857,3,1,1,1,0,1,1,0,0,5,NA,NA,2,2,1,2,2,5,7,1,1,2,1
2017,0.21791637258566,2,2,4,5373.85396197143,5,1,0,1,1,1,1,1,0,1,1,4,2,1,2,1,1,6,11,1,1,1,1
2017,0.702580410015022,2,1,4,3761.69777338,5,0,0,0,0,0,0,0,0,2,NA,NA,1,1,1,2,2,11,11,1,1,2,1
2017,1.38875096395883,2,1,4,1558.41764897171,3,1,1,1,1,1,1,1,0,4,1,4,1,2,1,1,1,2,12,1,1,2,2
2017,0.671023329805742,1,2,3,2149.54158478857,3,0,0,0,0,0,0,0,0,2,NA,NA,1,1,1,2,2,6,6,1,2,1,1
2017,0.702580410015022,2,1,3,429.908316957714,1,1,1,1,1,1,1,1,1,2,NA,NA,1,2,1,1,1,2,3,1,1,2,2
2017,0.702580410015022,2,1,3,1343.46349049286,2,1,1,1,1,1,1,1,1,4,NA,NA,1,1,1,2,1,3,6,1,1,2,2
2017,1.34204665961148,1,2,3,3009.358218704,4,0,0,1,0,0,0,0,0,5,1,4,2,2,2,2,2,5,4,1,1,1,1
2017,1.58109829450961,1,2,3,1235.98641125343,2,1,1,1,1,1,1,1,0,4,NA,NA,2,1,2,2,2,7,10,1,1,1,1
2017,2.16343444737728,1,1,3,214.954158478857,1,1,1,1,1,1,1,1,1,4,NA,NA,2,2,2,1,1,1,2,2,2,2,2
2017,0.702580410015022,2,1,3,1526.17452519989,3,1,1,1,0,0,0,0,0,2,NA,NA,1,2,1,1,1,4,4,2,2,2,2
2017,0.759027528500828,1,2,3,3009.358218704,4,0,0,1,0,1,0,0,0,3,NA,NA,2,1,2,2,1,6,6,1,1,2,1
2017,0.312717196047901,2,2,3,2149.54158478857,3,1,1,1,0,0,0,0,0,3,NA,NA,2,1,2,2,2,1,4,1,1,2,1
2017,1.21799098756003,2,3,3,3009.358218704,4,0,0,1,0,0,0,0,0,5,1,4,2,2,1,2,2,6,7,1,1,1,1
2017,1.18582372088221,1,2,2,2149.54158478857,3,0,0,0,0,0,0,0,0,3,NA,NA,2,1,2,2,2,8,9,1,1,1,1
2017,0.653749117756979,2,2,2,3367.61514950209,4,0,0,0,0,0,0,0,0,3,1,4,2,1,2,2,2,7,7,1,1,2,1
2017,0.671023329805742,1,2,2,3582.56930798095,5,0,1,0,0,0,0,0,0,3,1,5,2,1,2,2,1,6,11,1,1,1,1
2017,0.702580410015022,2,1,2,3224.31237718286,4,1,1,1,1,1,1,1,1,2,1,5,1,2,1,1,1,5,7,1,1,2,1
2017,1.67755832451435,1,2,2,1504.679109352,3,0,0,0,0,0,0,0,0,5,1,5,2,2,1,1,3,5,9,1,2,2,2
2017,1.8516679519451,2,1,2,1074.77079239429,2,1,1,1,0,1,1,1,0,6,NA,NA,2,1,2,2,2,1,11,1,1,2,2
2017,0.999938815847874,2,3,2,1633.65160443931,3,0,1,1,0,0,0,0,0,5,1,5,2,2,2,2,2,9,11,1,2,2,2
2017,2.01645221248089,2,1,2,537.385396197143,1,1,1,1,0,1,1,1,0,4,NA,NA,2,1,2,2,2,3,12,1,1,1,1
2017,1.97637286813702,1,2,2,2149.54158478857,3,0,0,0,0,0,0,0,0,6,1,3,2,1,2,1,2,3,8,1,1,2,2
2017,1.05387061502253,2,1,2,3725.87208030019,5,1,0,1,0,0,0,0,0,3,NA,NA,1,2,1,1,2,11,11,1,1,2,1
2017,0.435832745171319,2,2,2,1612.15618859143,3,1,0,0,0,0,0,0,0,2,NA,NA,1,2,1,1,1,6,6,1,2,2,2
2017,2.01645221248089,2,1,2,429.908316957714,1,1,1,1,0,0,1,1,1,5,1,2,1,2,1,1,1,1,3,1,1,1,2
2017,1.32453882624613,2,1,2,859.816633915428,2,1,1,1,1,1,1,1,1,7,NA,NA,1,1,1,1,3,12,12,1,1,2,1
2017,2.16343444737728,1,1,2,1612.15618859143,3,0,0,0,0,0,0,0,0,4,1,1,2,1,2,2,2,7,11,1,1,1,1
2017,1.00822610624045,2,1,2,2149.54158478857,3,1,1,1,0,1,1,1,0,2,1,5,1,2,1,1,2,6,12,1,2,2,2
2017,1.11845689348031,2,3,3,4299.08316957714,5,0,0,0,0,0,0,0,0,4,1,4,2,1,2,2,2,9,7,1,1,1,1
2017,0.636565996063224,2,3,3,358.256930798095,1,1,1,1,0,1,0,0,0,3,NA,NA,2,1,1,1,2,5,4,1,1,2,1
2017,1.6225760388859,1,1,3,2149.54158478857,3,1,1,1,1,1,1,1,1,3,NA,NA,1,2,1,1,1,2,5,1,2,2,2
2017,0.351290205007511,2,1,3,1289.72495087314,2,1,1,1,1,1,1,1,1,1,NA,NA,1,2,1,1,1,1,2,2,2,2,2
2017,2.16343444737728,1,1,3,3224.31237718286,4,0,0,0,0,0,0,0,0,5,1,1,2,1,2,2,2,10,10,1,1,1,1
2017,1.6225760388859,1,1,3,4299.08316957714,5,1,0,1,0,0,0,0,0,3,1,4,1,1,1,1,2,4,4,1,1,2,1
2017,0.506018352333885,1,2,3,3761.69777338,5,0,1,1,0,0,0,0,0,2,NA,NA,1,1,1,1,2,1,6,1,1,2,1
2017,0.962940653287041,1,2,3,6448.62475436571,5,1,0,0,0,0,0,0,0,2,1,4,2,2,1,1,1,6,8,1,1,1,1
2017,0.492991877797878,2,2,3,5732.11089276952,5,0,0,0,0,0,0,0,0,3,NA,NA,1,1,2,1,1,8,12,1,1,2,1
2017,1.2508687841916,2,2,3,2149.54158478857,3,1,1,1,0,1,1,0,0,5,1,4,1,1,2,2,2,7,8,1,1,2,1
2017,0.815722511437543,1,1,2,2794.40406022514,4,1,1,1,1,1,1,1,1,2,NA,NA,1,2,1,1,1,6,5,1,2,2,2
2017,0.653386173254065,1,3,2,1214.49099540554,2,1,1,1,1,1,1,1,1,2,2,NA,1,2,1,1,1,1,7,2,2,1,2
2017,0.794723295747679,2,1,2,555.298242737047,1,1,1,1,1,1,1,1,1,6,NA,NA,1,2,1,1,1,1,1,1,1,2,1
2017,0.636565996063224,2,3,2,6448.62475436571,5,0,0,0,0,0,0,0,0,3,1,2,2,1,2,2,2,9,10,1,1,2,1
2017,1.08171735925727,1,1,2,1612.15618859143,3,1,1,1,0,1,1,1,0,4,2,NA,1,1,1,2,1,2,4,1,1,1,1
2017,0.815722511437543,1,1,2,2794.40406022514,4,1,1,0,0,0,0,0,0,2,NA,NA,1,1,1,1,1,6,12,2,2,2,1
2017,0.529815530498452,2,1,2,3224.31237718286,4,0,0,0,0,0,0,0,0,2,NA,NA,1,1,1,1,2,6,6,1,1,2,1
2017,2.01645221248089,2,1,2,913.555173535143,2,1,1,1,1,1,1,1,1,4,NA,NA,2,1,2,2,2,1,2,1,1,2,1
2017,1.75645102503756,2,1,2,1289.72495087314,2,1,1,1,0,0,0,0,0,5,NA,NA,2,2,2,1,2,7,9,1,2,2,1
2017,1.65545464470244,2,1,2,1074.77079239429,2,0,1,1,0,0,0,0,0,6,2,NA,2,2,1,1,1,5,9,1,1,1,1
2017,0.435832745171319,2,2,2,5373.85396197143,5,0,0,0,0,0,0,0,0,2,NA,NA,2,1,2,2,2,6,6,1,1,1,1
2017,0.671023329805742,1,2,2,3224.31237718286,4,0,0,0,0,0,0,0,0,2,NA,NA,2,1,2,2,2,11,11,1,1,1,1
2017,0.264907765249226,2,1,2,3224.31237718286,4,1,1,1,1,1,1,1,1,1,NA,NA,1,1,1,1,1,1,1,1,2,2,2
2017,0.21791637258566,2,2,2,4299.08316957714,5,0,0,0,0,0,0,0,0,1,NA,NA,1,2,1,1,2,11,12,1,1,2,2
2017,0.770197971672577,2,2,2,2418.23428288714,4,0,0,0,0,0,0,0,0,4,NA,NA,2,1,2,2,2,6,11,1,1,1,1
2017,0.871665490342638,2,2,2,3224.31237718286,4,0,0,0,0,0,0,0,0,4,NA,NA,1,2,1,1,1,6,6,1,1,2,2
2017,1.00653499470861,1,2,2,1433.02772319238,2,0,0,0,0,0,0,0,0,3,2,NA,1,1,1,1,2,4,12,1,1,2,2
2017,0.815722511437543,1,1,2,2042.06450554914,3,1,0,0,0,0,0,0,0,2,NA,NA,1,1,2,2,1,3,4,1,2,2,1
2017,0.815722511437543,1,1,2,2364.49574326743,4,0,0,0,0,0,0,0,0,2,NA,NA,2,1,1,1,2,7,5,1,2,2,1
2017,2.15251916366543,1,3,2,1074.77079239429,2,0,0,0,0,0,0,0,0,6,NA,NA,2,2,2,2,2,8,8,1,1,2,1
2017,0.702580410015022,2,1,2,3224.31237718286,4,1,0,0,0,0,0,0,0,2,NA,NA,2,1,1,1,1,6,12,2,2,2,2
2017,0.815722511437543,1,1,2,3224.31237718286,4,1,1,1,0,0,0,0,1,2,NA,NA,1,2,1,1,1,6,4,1,1,2,2
2017,1.0596310609969,2,1,2,716.51386159619,1,1,1,1,1,1,1,1,1,6,2,NA,1,1,1,1,1,10,11,1,1,2,2
2017,0.815722511437543,1,1,2,3224.31237718286,4,0,0,0,0,0,0,0,0,2,NA,NA,1,1,2,2,2,4,6,1,1,1,1
2017,1.3263738681337,1,2,2,1433.02772319238,2,0,0,0,0,0,0,0,0,3,NA,NA,2,2,2,1,2,6,12,1,1,2,3
2017,2.16343444737728,1,1,2,895.642326995238,2,1,1,1,0,1,0,0,0,6,1,2,1,1,1,2,2,6,6,1,1,2,1
2017,1.51233915936067,2,1,2,268.692698098571,1,1,1,1,0,0,1,1,1,4,NA,NA,2,2,2,2,2,1,8,1,1,2,1
2017,1.6225760388859,1,1,2,7810.00109139847,5,0,0,0,0,0,0,0,0,3,1,5,2,2,1,2,2,1,12,2,2,2,1
2017,2.06931830587806,2,1,2,609.036782356762,1,1,0,1,0,0,1,0,0,6,NA,NA,2,1,2,2,1,7,11,1,1,2,2
2017,0.815722511437543,1,1,2,3761.69777338,5,0,0,0,0,0,0,0,0,2,NA,NA,2,1,2,2,2,6,6,1,1,2,1
2017,1.42544635364694,1,1,2,3224.31237718286,4,1,1,1,0,0,0,0,0,2,1,3,2,2,2,2,2,6,6,1,1,2,2
2017,1.08171735925727,1,1,2,1612.15618859143,3,1,1,0,0,0,0,0,0,2,NA,NA,1,1,2,2,2,5,7,1,1,2,1
2017,2.16343444737728,1,1,2,1612.15618859143,3,1,1,1,0,0,0,0,0,4,2,NA,2,2,2,1,1,6,6,2,2,2,2
2017,1.55230015757674,1,1,2,1074.77079239429,2,0,0,0,0,0,0,0,0,4,1,3,2,1,2,2,2,6,6,1,1,2,1
2017,0.529815530498452,2,1,2,3224.31237718286,4,0,1,1,0,0,0,0,0,2,NA,NA,1,1,1,1,1,6,6,1,1,2,2
2017,0.962940653287041,1,2,2,2149.54158478857,3,1,0,0,0,0,0,0,0,5,1,2,2,1,2,2,1,8,8,1,1,2,3
2017,1.51233915936067,2,1,2,343.926653566171,1,1,1,1,1,1,0,0,0,5,2,NA,1,2,1,1,1,5,9,2,2,2,2
2017,0.815722511437543,1,1,2,2579.44990174628,4,0,0,0,0,0,0,0,0,2,NA,NA,1,2,1,1,1,3,4,2,2,2,2
2017,1.00822610624045,2,1,2,1003.11940623467,2,1,1,1,1,1,1,1,1,3,NA,NA,1,2,1,1,1,1,4,1,2,1,2
2017,1.8516679519451,2,1,2,358.256930798095,1,1,1,1,0,0,0,0,0,6,2,NA,2,2,2,3,2,3,4,1,1,2,1
2017,0.702580410015022,2,1,2,300.9358218704,1,1,1,1,0,1,1,1,0,2,NA,NA,1,2,1,1,1,1,5,1,2,2,2
2017,0.702580410015022,2,1,2,1433.02772319238,2,0,1,1,0,0,0,0,0,3,NA,NA,2,2,1,2,2,6,6,1,1,2,1
2017,2.06931830587806,2,1,2,429.908316957714,1,1,1,1,0,1,0,0,0,6,NA,NA,2,1,1,1,1,8,9,2,2,3,1
2017,0.671023329805742,1,2,2,5105.16126387286,5,0,0,0,0,1,0,0,0,2,1,5,1,1,2,2,2,8,10,1,1,2,1
2017,0.702580410015022,2,1,2,4836.46856577428,5,1,1,1,0,1,0,0,0,2,1,3,1,2,1,1,1,6,6,1,1,1,1
2017,1.91159688034792,1,1,2,2149.54158478857,3,0,0,0,0,0,0,0,0,3,1,4,2,1,2,2,2,6,7,1,1,1,1
2017,1.75645102503756,2,1,2,107.477079239429,1,1,1,1,1,0,0,0,0,6,NA,NA,1,1,1,1,1,1,5,1,1,2,1
2017,1.6225760388859,1,1,2,716.51386159619,1,1,1,1,0,1,0,0,0,3,1,5,1,2,2,2,2,7,7,1,1,2,1
2017,1.24159098352683,2,1,2,143.302772319238,1,0,0,0,0,0,0,0,0,3,1,1,2,2,2,2,2,9,11,1,1,1,1
2017,0.413863661175611,2,1,2,214.954158478857,1,1,1,1,0,1,0,0,0,3,NA,NA,1,1,2,2,2,4,6,1,1,1,1
2017,1.51233915936067,2,1,2,214.954158478857,1,0,0,0,0,0,0,0,0,3,NA,NA,1,1,1,1,1,4,4,1,1,1,1
2017,2.1381695304704,1,1,2,458.568871421562,1,0,0,1,0,0,0,0,1,3,2,NA,2,2,1,1,2,8,11,1,1,2,1
2017,2.16343444737728,1,1,2,687.853307132343,1,1,1,1,0,1,1,1,1,5,1,3,2,2,1,1,1,1,2,2,2,2,2
2017,1.6225760388859,1,1,2,501.559703117333,1,0,0,0,0,0,0,0,0,3,NA,NA,2,1,2,2,2,6,6,1,1,1,1
2017,0.925833975972551,2,1,2,257.944990174629,1,1,1,1,1,0,1,0,0,5,NA,NA,1,2,1,1,1,1,1,1,2,2,2
2017,0.216343444737728,2,2,3,3869.17485261943,5,0,0,0,0,0,0,0,0,1,NA,NA,1,1,1,2,1,6,6,1,2,2,1
2017,0.320022729634891,2,3,3,4299.08316957714,5,1,1,1,0,1,0,0,0,2,NA,NA,1,2,1,2,1,6,6,1,2,2,2
2017,0.529815530498452,2,1,3,806.078094295714,2,1,0,0,0,0,0,0,0,4,NA,NA,2,1,2,2,1,9,7,1,1,2,1
2017,0.529815530498452,2,1,3,3224.31237718286,4,0,0,0,0,0,0,0,0,2,NA,NA,1,1,1,1,1,6,9,1,1,2,1
2017,0.264907765249226,2,1,3,3224.31237718286,4,0,0,0,0,0,0,0,0,1,NA,NA,1,1,2,2,1,6,11,1,1,2,1
2017,0.559228446740154,2,3,3,2686.92698098571,4,0,0,0,0,0,0,0,0,4,2,NA,2,1,2,2,2,6,11,1,1,2,1
2017,0.871665490342638,2,2,3,5373.85396197143,5,1,1,1,0,1,0,0,0,4,1,4,2,1,1,1,2,9,11,1,1,1,1
2017,1.05387061502253,2,1,3,1003.11940623467,2,1,1,1,1,1,0,1,1,3,NA,NA,2,2,1,1,1,6,8,2,2,2,1
2017,0.653749117756979,2,2,3,1612.15618859143,3,0,0,0,0,0,0,0,0,4,1,5,2,2,1,2,2,6,4,1,2,2,2
2017,0.320022729634891,2,3,3,4836.46856577428,5,0,0,0,0,0,0,0,0,2,NA,NA,1,1,2,2,2,7,7,1,1,1,1
2017,1.0895818629283,2,2,3,1791.28465399048,3,1,1,0,0,0,1,0,0,6,NA,NA,1,2,1,1,1,11,11,1,2,2,2
2017,0.559228446740154,2,3,3,NA,5,0,0,0,0,0,0,0,0,2,1,4,2,2,2,2,2,8,9,1,1,1,1
2017,0.506018352333885,1,2,3,5373.85396197143,5,0,0,0,0,0,0,0,0,2,NA,NA,2,2,2,2,2,6,5,1,1,1,1
2017,0.702580410015022,2,1,3,1397.20203011257,2,0,0,0,0,0,0,0,0,2,NA,NA,2,1,1,1,2,6,12,1,1,2,1
2017,0.653749117756979,2,2,3,3582.56930798095,5,1,0,0,0,0,0,0,0,3,NA,NA,1,2,1,1,2,8,8,1,1,1,1
2017,0.492991877797878,2,2,3,859.816633915428,2,1,1,1,0,1,0,0,0,3,NA,NA,1,2,2,2,2,4,4,2,1,2,2
2017,1.02693062889677,2,2,3,3493.00507528143,5,0,0,0,0,0,0,0,0,4,NA,NA,2,2,1,2,2,6,6,1,1,1,1
2017,1.97637286813702,1,2,3,3009.358218704,4,0,0,0,0,0,0,0,0,5,NA,NA,2,1,2,2,2,6,9,1,1,2,2
2017,0.608995493780016,2,3,3,5015.59703117333,5,0,0,0,0,0,0,0,0,3,NA,NA,2,1,2,2,2,7,9,1,1,1,1
2017,0.861007665466174,1,3,3,8598.16633915428,5,0,0,0,0,0,0,0,0,2,NA,NA,2,1,1,1,2,6,9,1,1,1,1
2017,1.29151149819926,1,3,3,4299.08316957714,5,0,0,0,0,0,0,0,0,3,1,3,2,1,2,2,2,7,9,1,1,1,1
2017,1.02693062889677,2,2,3,3009.358218704,4,0,0,0,0,0,0,0,0,5,2,NA,2,1,2,2,2,8,9,1,1,1,1
2017,0.980079259881098,1,3,3,3224.31237718286,4,0,0,0,0,0,0,0,0,4,1,4,1,1,2,2,2,9,10,1,1,1,1
2017,1.27439792023194,1,1,3,1433.02772319238,2,0,0,0,0,0,0,0,0,3,1,5,2,1,2,2,2,9,9,1,1,2,1
2017,1.29151149819926,1,3,3,2042.06450554914,3,0,1,1,0,0,0,0,0,4,1,5,2,2,2,2,2,6,9,1,1,2,1
2017,0.770197971672577,2,2,2,3224.31237718286,4,0,0,0,0,0,0,0,0,4,NA,NA,2,1,2,2,1,9,10,1,1,1,1
2017,1.72201533093235,1,3,2,859.816633915428,2,0,0,0,0,0,0,0,0,5,2,NA,2,2,2,2,2,6,6,1,1,2,1
2017,1.6225760388859,1,1,2,2006.23881246933,3,1,1,1,0,0,0,0,0,3,2,NA,2,1,2,1,1,1,12,1,1,2,1
2017,0.838842670110231,2,3,2,1433.02772319238,2,0,0,0,0,0,0,0,0,3,2,NA,2,1,2,2,2,9,8,1,1,1,1
2017,0.529815530498452,2,1,2,5373.85396197143,5,0,0,0,0,0,0,0,0,2,NA,NA,1,1,2,1,1,11,4,1,1,1,2
2017,0.962940653287041,1,2,1,429.908316957714,1,0,0,1,0,0,0,0,0,5,2,NA,1,1,2,1,2,6,6,1,1,2,2
2017,2.01645221248089,2,1,1,460.616053883265,1,1,1,1,0,0,1,0,0,7,1,2,2,1,2,2,2,12,12,1,1,2,1
2017,0.256732657224193,2,2,1,451.4037328056,1,0,0,1,0,0,0,0,0,1,NA,NA,2,1,2,2,2,6,9,1,2,2,1
2017,1.00822610624045,2,1,1,537.385396197143,1,0,0,0,0,0,0,0,0,4,1,1,1,1,2,2,2,10,9,1,1,1,1
2017,0.671023329805742,1,2,1,1253.89925779333,2,0,0,0,0,0,0,0,0,3,NA,NA,1,1,1,1,2,8,9,1,1,2,2
2017,1.6225760388859,1,1,1,7165.1386159619,5,0,0,0,0,0,0,0,0,3,NA,NA,1,1,2,1,2,6,8,1,1,2,1
2017,1.38875096395883,2,1,1,609.036782356762,1,1,1,1,1,1,1,1,1,6,2,NA,2,1,2,2,2,6,11,1,1,1,1
2017,1.00822610624045,2,1,1,1433.02772319238,2,1,1,1,1,1,1,1,0,3,NA,NA,2,2,1,1,2,6,7,2,2,2,2
2017,1.8516679519451,2,1,1,680.688168516381,1,0,0,0,0,0,0,0,0,6,NA,NA,2,1,2,2,2,11,11,1,2,2,1
2017,1.65545464470244,2,1,1,945.798297306971,2,1,1,1,1,1,1,1,0,5,1,2,1,1,1,2,2,6,12,1,1,2,1
2017,1.6225760388859,1,1,1,1361.37633703276,2,0,1,1,0,1,1,1,0,3,2,NA,2,1,2,2,2,1,12,1,1,2,1
2017,1.51233915936067,2,1,1,5588.80812045028,5,0,0,0,0,1,1,0,0,3,NA,NA,1,1,1,1,2,11,11,2,2,2,2
2017,0.671023329805742,1,2,1,537.385396197143,1,0,1,1,0,1,0,0,0,2,1,2,2,2,2,2,2,7,4,1,2,2,2
2017,0.770197971672577,2,2,1,716.51386159619,1,0,0,1,0,0,0,0,0,3,1,2,2,1,2,2,2,9,8,2,1,2,1
2017,1.51233915936067,2,1,1,214.954158478857,1,1,1,1,0,0,0,0,0,3,NA,NA,1,2,1,1,2,11,11,2,2,2,2
2017,0.559228446740154,2,3,1,2149.54158478857,3,0,1,1,0,1,0,0,0,4,1,2,2,1,2,2,2,6,6,1,1,2,1
2017,1.00822610624045,2,1,1,161.215618859143,1,1,1,1,0,1,1,1,1,4,NA,NA,1,1,1,1,1,3,10,1,2,2,2
2017,0.702580410015022,2,1,1,322.431237718286,1,1,1,1,0,1,0,0,0,2,NA,NA,1,2,1,1,2,11,11,2,2,2,2
2017,2.16343444737728,1,1,1,268.692698098571,1,0,0,0,0,0,0,0,0,4,1,1,2,1,2,2,2,5,8,1,1,2,1
2017,1.97637286813702,1,2,1,1433.02772319238,3,0,0,0,0,0,0,0,0,6,1,3,2,1,2,2,2,5,8,1,1,2,2
2017,1.0895818629283,2,2,3,4299.08316957714,5,0,0,0,0,0,0,0,0,6,NA,NA,2,1,2,2,2,9,11,1,1,2,1
2017,0.435832745171319,2,2,3,4299.08316957714,5,1,1,1,0,0,0,0,0,3,1,5,2,2,2,2,1,6,9,1,1,2,3
2017,0.794723295747679,2,1,3,5373.85396197143,5,0,0,0,0,0,0,0,0,4,NA,NA,1,1,2,1,2,11,11,1,2,2,1
2017,2.15251916366543,1,3,3,2149.54158478857,3,0,0,0,0,0,0,0,0,7,1,4,2,1,2,2,2,6,6,1,1,2,1
2017,0.506018352333885,1,2,3,3224.31237718286,4,0,0,0,0,0,0,0,0,2,NA,NA,2,1,2,2,2,7,12,2,1,2,1
2017,0.506018352333885,1,2,2,3009.358218704,4,1,1,1,0,0,0,1,0,2,NA,NA,1,1,1,1,2,6,6,1,1,2,1
2017,1.27439792023194,1,1,2,5481.33104121086,5,0,0,0,0,0,0,0,0,2,NA,NA,2,1,2,2,2,7,11,1,1,1,1
2017,1.28366328612096,2,2,2,429.908316957714,1,0,NA,NA,0,0,0,0,0,5,NA,NA,2,2,1,1,1,11,11,1,2,2,1
2017,1.51233915936067,2,1,2,2149.54158478857,4,1,1,1,1,1,1,1,0,3,NA,NA,2,1,2,2,2,4,5,1,1,2,1
2017,1.44441097993056,1,2,2,1791.28465399048,3,0,0,0,0,0,0,0,0,6,1,5,2,2,2,2,2,7,8,1,1,2,1
2017,1.05387061502253,2,1,2,2149.54158478857,4,1,1,1,0,0,0,0,0,3,NA,NA,1,2,1,1,2,5,5,1,2,2,2
2017,1.32453882624613,2,1,2,322.431237718286,1,1,1,1,0,0,0,0,0,6,NA,NA,1,2,1,1,1,4,6,1,2,2,2
2017,1.6225760388859,1,1,2,1433.02772319238,3,1,1,1,1,1,1,1,1,3,1,1,1,1,1,1,1,1,2,1,1,2,2
2017,0.264907765249226,2,1,2,1633.65160443931,3,1,1,1,1,1,0,1,0,1,1,1,2,1,1,2,2,5,5,1,1,2,1
2017,0.506018352333885,1,2,2,2686.92698098571,4,0,0,0,0,0,0,0,0,2,NA,NA,1,1,1,1,2,7,6,1,1,2,1
2017,0.435832745171319,2,2,2,1289.72495087314,2,0,1,0,0,0,0,0,0,2,1,1,1,1,1,1,2,7,7,1,1,2,1
2017,1.08171735925727,1,1,2,1612.15618859143,3,1,0,0,0,0,0,0,0,2,1,2,2,1,2,2,2,6,8,1,1,2,1
2017,1.00822610624045,2,1,2,537.385396197143,1,1,1,1,1,1,1,1,1,4,1,2,1,2,1,2,2,1,3,1,1,2,1
2017,0.815722511437543,1,1,2,3546.74361490114,5,0,0,0,0,0,0,0,0,2,NA,NA,1,1,1,2,2,6,6,1,2,2,2
2017,1.3263738681337,1,2,2,3582.56930798095,5,0,0,0,0,0,0,0,0,3,1,2,2,1,2,2,2,6,6,1,1,2,2
2017,0.492718181532495,1,3,2,4299.08316957714,5,0,0,0,0,0,0,NA,0,3,NA,NA,2,1,2,2,2,6,7,1,1,2,1
2017,0.328661251865252,2,2,2,5373.85396197143,5,0,0,0,0,0,0,0,0,2,NA,NA,2,1,2,2,2,5,5,1,1,2,2
2017,1.00653499470861,1,2,2,2507.79851558667,4,0,0,0,0,0,0,0,0,3,1,1,2,2,2,1,2,5,5,1,1,1,2
2017,1.63144502287509,1,1,2,988.789129002743,2,1,1,1,0,0,0,0,0,5,1,2,2,2,3,1,2,1,2,1,1,2,2
2017,2.16343444737728,2,1,2,322.431237718286,1,1,1,1,0,0,0,0,0,6,NA,NA,1,2,1,1,2,4,5,1,2,2,1
2017,1.44441097993056,1,2,2,1612.15618859143,3,1,1,1,1,1,1,1,0,4,NA,NA,1,2,2,1,2,4,4,1,2,2,2
2017,0.506018352333885,1,2,2,3224.31237718286,4,0,0,0,0,0,0,0,0,2,NA,NA,2,1,2,2,2,8,6,1,1,2,1
2017,0.57432396003237,2,2,2,1612.15618859143,3,1,1,1,1,1,0,0,0,4,NA,NA,2,1,2,2,1,6,7,1,2,2,2
2017,0.506018352333885,1,2,2,3761.69777338,5,1,1,1,0,0,0,0,0,2,NA,NA,2,1,2,2,2,6,6,1,1,2,1
2017,0.529815530498452,2,1,2,2149.54158478857,4,0,0,1,0,0,0,0,0,2,NA,NA,1,1,1,1,2,4,5,1,2,2,2
2017,1.08171735925727,1,1,2,1433.02772319238,3,1,1,1,1,1,1,1,0,3,1,5,2,2,1,1,1,4,8,1,2,2,1
2017,1.58109829450961,1,2,2,4299.08316957714,5,0,0,0,0,0,0,0,0,4,1,6,2,1,2,2,2,7,9,1,1,1,1
2017,0.962940653287041,1,2,2,214.954158478857,1,1,1,1,0,1,0,0,0,5,1,1,2,2,2,2,2,1,1,2,2,2,2
2017,1.92588130657408,1,2,2,1934.58742630971,3,0,0,0,0,0,0,0,0,5,1,3,2,1,2,2,2,7,7,1,2,2,1
2017,1.55230015757674,1,1,2,913.555173535143,2,1,1,1,1,1,1,1,0,4,2,NA,1,2,2,1,1,3,3,1,2,1,2
2017,0.712723176823468,1,1,2,5373.85396197143,5,1,1,1,1,1,1,1,1,1,2,NA,1,2,2,1,1,1,1,2,2,2,2
2017,0.253009176166943,1,2,2,1719.63326783086,3,0,0,0,0,0,0,0,0,3,1,6,1,1,2,2,2,6,4,1,1,2,1
2017,0.625434392095801,2,2,2,1433.02772319238,3,1,1,0,0,0,0,0,0,3,NA,NA,1,1,2,2,2,6,5,1,1,2,1
2017,1.00653499470861,1,2,2,895.642326995238,2,1,1,0,0,0,0,0,0,3,NA,NA,1,2,2,2,2,6,6,1,1,2,2
2017,0.702580410015022,2,1,2,1827.11034707029,3,1,1,1,0,0,0,0,0,2,1,2,1,1,1,1,1,4,4,1,1,1,2
2017,1.72201533093235,1,3,2,4299.08316957714,5,0,1,0,0,0,0,0,0,4,1,5,2,2,1,2,2,6,6,1,2,2,2
2017,1.72201533093235,1,3,2,2257.018664028,4,0,0,0,0,0,0,0,0,4,1,4,2,1,2,2,2,6,8,1,1,1,1
2017,0.815722511437543,1,1,2,1934.58742630971,3,1,1,1,0,1,0,0,0,2,NA,NA,1,1,1,2,1,4,4,1,1,1,2
2017,0.351290205007511,2,1,2,3224.31237718286,4,0,1,0,0,0,0,0,0,1,2,NA,2,1,2,2,2,1,2,1,1,2,2
2017,0.529815530498452,2,1,2,1612.15618859143,3,1,1,1,0,1,1,0,0,2,NA,NA,1,2,1,1,1,1,2,1,2,2,2
2017,1.27439792023194,1,1,2,2149.54158478857,4,0,0,0,0,0,0,0,0,2,NA,NA,2,1,2,2,2,6,7,1,1,2,1
2017,0.506018352333885,1,2,2,4299.08316957714,5,0,0,0,0,0,0,0,0,2,NA,NA,1,2,1,1,2,6,6,2,1,1,2
2017,0.529815530498452,2,1,2,2203.28012440829,4,1,0,0,0,0,0,0,0,2,1,5,1,2,2,2,2,6,8,1,1,1,1
2017,0.671023329805742,1,2,2,4299.08316957714,5,0,0,0,0,0,0,0,0,2,1,1,2,1,2,2,2,6,7,1,1,1,1
2017,0.246359090766247,1,3,2,4299.08316957714,5,1,0,0,0,0,0,0,0,1,NA,NA,1,2,1,1,2,6,5,1,2,2,2
2017,0.671023329805742,1,2,2,2149.54158478857,4,1,1,1,1,1,1,1,0,2,NA,NA,1,2,1,1,1,1,3,1,1,2,2
2017,0.435832745171319,2,2,2,4299.08316957714,5,0,0,0,0,0,0,0,0,2,NA,NA,2,1,1,2,2,6,7,2,1,2,2
2017,0.529815530498452,2,1,2,1612.15618859143,3,0,0,0,0,0,0,0,0,2,NA,NA,2,2,1,1,2,1,2,1,1,2,2
2017,0.326693086627033,1,3,2,4299.08316957714,5,0,0,0,0,0,0,0,0,1,2,NA,1,1,2,2,2,7,7,1,1,2,1
2017,0.506018352333885,1,2,2,2686.92698098571,4,1,1,1,0,0,1,0,0,2,NA,NA,2,1,1,1,1,2,2,1,2,2,2
2017,0.815722511437543,1,1,2,1622.90389651537,3,0,0,0,0,0,0,0,0,2,NA,NA,2,2,2,1,1,6,10,1,2,2,2
2017,0.702580410015022,2,1,2,2257.018664028,4,0,1,1,0,1,0,0,0,2,NA,NA,2,1,2,2,2,7,7,1,1,2,1
2017,1.40516082003004,2,1,2,1504.679109352,3,0,1,1,0,0,0,0,0,4,NA,NA,1,2,1,1,1,7,11,1,1,2,1
2017,1.18582372088221,1,2,2,5015.59703117333,5,0,0,0,0,0,0,0,0,3,NA,NA,2,1,2,2,2,3,9,1,1,2,1
2017,0.815722511437543,1,1,2,2471.97282250686,4,1,1,1,1,1,1,1,0,2,NA,NA,1,1,2,2,1,2,6,1,1,2,1
2017,2.16343444737728,1,1,2,601.8716437408,1,1,1,1,1,1,1,1,1,5,2,NA,2,2,2,1,1,6,8,2,2,2,2
2017,0.671023329805742,1,2,2,537.385396197143,1,1,1,1,0,0,0,0,0,2,NA,NA,2,2,2,1,2,5,5,1,2,2,2
2017,0.702580410015022,2,1,2,1074.77079239429,2,1,1,0,1,1,1,1,1,2,NA,NA,1,1,1,1,2,1,9,1,1,2,1
2017,1.02693062889677,2,2,2,2955.61967908428,4,0,0,0,0,0,0,0,0,4,NA,NA,2,1,2,2,2,5,7,1,1,2,1
2017,1.29151149819926,1,3,2,2866.05544638476,4,0,0,0,0,0,0,0,0,3,1,4,2,2,1,2,2,6,6,1,1,2,1
2017,0.671023329805742,1,2,2,2149.54158478857,4,0,0,0,0,0,0,0,0,2,1,5,1,2,1,1,2,4,9,1,1,1,2
2017,1.92588130657408,1,2,2,2149.54158478857,4,0,0,0,0,0,0,0,0,5,NA,NA,2,1,2,2,2,6,6,1,1,1,1
2017,0.815722511437543,1,1,2,3009.358218704,4,0,0,0,0,0,0,0,0,2,1,4,2,2,1,2,2,6,2,1,1,2,1
2017,0.925833975972551,2,1,2,3224.31237718286,4,1,1,1,0,0,0,0,0,4,NA,NA,2,2,2,2,2,4,4,1,2,2,2
2017,0.506018352333885,1,2,2,1612.15618859143,3,1,1,0,0,1,0,0,0,2,NA,NA,2,2,2,2,2,6,9,1,2,2,2
2017,0.702580410015022,2,1,2,2901.88113946457,4,0,0,0,0,0,0,0,0,2,NA,NA,2,1,1,2,2,6,6,1,2,2,2
2017,1.40516082003004,2,1,2,859.816633915428,2,0,0,0,0,0,0,0,0,5,1,4,2,1,1,2,2,6,9,1,1,2,1
2017,0.625434392095801,2,2,2,2149.54158478857,4,1,0,1,0,0,0,0,0,5,2,NA,2,1,2,2,2,7,8,1,1,1,1
2017,0.608995493780016,2,3,2,3439.26653566171,5,0,0,0,0,0,0,0,0,3,1,4,2,2,2,2,2,8,9,1,2,2,2
2017,0.702580410015022,2,1,2,4191.60609033771,5,0,0,0,0,0,0,0,0,2,NA,NA,1,1,1,1,2,7,9,1,1,1,1
2017,0.529815530498452,2,1,1,2149.54158478857,4,0,0,0,0,0,0,0,0,2,NA,NA,1,1,1,1,2,7,8,1,1,2,1
2017,1.67755832451435,1,2,1,2866.05544638476,4,0,0,0,0,0,0,0,0,6,1,5,2,2,1,1,3,6,9,1,1,1,1
2017,0.504113053120224,2,1,1,2901.88113946457,4,0,0,0,0,0,0,0,0,1,NA,NA,1,2,1,2,2,8,9,1,1,2,2
2017,1.97637286813702,1,2,1,982.647581617632,2,1,1,1,NA,0,0,0,0,7,2,NA,2,1,2,2,1,3,7,1,1,1,1
2017,2.16343444737728,1,1,1,644.862475436571,1,0,0,0,0,0,0,0,0,5,NA,NA,2,1,2,2,2,6,7,1,1,1,1
2017,0.407861255718771,1,1,1,6448.62475436571,5,1,1,1,1,1,1,1,0,1,NA,NA,1,1,1,1,2,8,5,1,2,2,2
2017,1.55230015757674,1,1,1,2686.92698098571,4,0,0,0,0,0,0,0,0,4,1,3,2,1,2,2,2,3,12,1,1,2,1
2017,1.51233915936067,2,1,1,806.078094295714,2,1,1,1,1,1,1,1,0,4,2,NA,1,2,1,1,1,9,11,1,1,2,1
2017,0.462916987986276,2,1,1,2149.54158478857,4,0,1,1,0,0,0,0,0,3,NA,NA,2,1,2,2,2,6,8,1,1,1,1
2017,1.24159098352683,2,1,1,429.908316957714,1,1,0,1,0,0,0,0,0,4,1,4,2,1,2,2,2,5,9,1,1,2,1
2017,0.671023329805742,1,2,2,1612.15618859143,3,0,0,1,1,1,0,1,1,2,1,2,2,1,2,2,2,6,12,1,3,2,1
2017,1.51233915936067,2,1,2,2579.44990174628,4,1,1,1,0,0,1,1,0,4,1,4,2,1,1,2,2,7,9,1,1,2,1
2017,0.671023329805742,1,2,2,1289.72495087314,2,1,1,1,1,1,1,1,0,3,1,5,2,2,2,2,2,1,1,1,2,2,2
2017,1.34204665961148,1,2,2,2955.61967908428,4,1,0,0,0,0,0,0,0,4,1,4,2,2,1,2,2,7,9,1,2,1,1
2017,1.97637286813702,1,2,2,3070.7736925551,4,0,0,0,0,0,0,0,0,7,1,5,2,1,2,2,2,8,9,1,1,2,1
2017,0.794723295747679,2,1,2,752.339554676,2,1,1,1,1,1,1,1,1,4,NA,NA,1,1,1,1,1,1,1,1,1,2,2
2017,0.442124622711233,1,2,2,NA,5,0,0,0,0,0,0,0,1,1,1,3,2,1,2,2,2,8,9,1,1,2,2
2017,1.63144502287509,1,1,2,1203.7432874816,2,0,0,0,0,0,0,0,0,5,2,NA,1,2,1,1,2,1,11,1,2,2,1
2017,1.05387061502253,2,1,2,5732.11089276952,5,0,0,0,0,0,0,0,0,3,1,2,2,2,1,1,2,7,9,1,1,2,3
2017,0.435832745171319,2,2,2,4299.08316957714,5,0,0,0,0,0,0,0,0,2,1,4,2,1,1,1,2,8,9,1,1,2,1
2017,0.326693086627033,1,3,3,NA,5,0,0,0,0,0,0,0,0,1,1,1,2,1,2,2,2,9,9,1,1,2,1
2017,0.999938815847874,2,3,3,3761.69777338,5,0,0,0,0,0,0,0,0,4,1,3,2,2,1,2,2,8,11,1,1,1,1
2017,0.861007665466174,1,3,3,2686.92698098571,4,1,1,1,0,0,0,0,0,2,1,5,2,1,1,1,2,4,9,1,1,1,1
2017,0.287161980016185,2,2,3,10747.7079239429,5,0,0,0,0,0,0,0,0,1,1,5,2,1,2,1,2,6,9,1,1,2,1
2017,1.65545464470244,2,1,3,1719.63326783086,3,0,0,0,0,0,0,0,0,5,NA,NA,2,1,2,2,2,10,11,1,1,1,1
2017,0.424377330708816,2,3,3,6986.01015056286,5,0,0,0,0,0,0,0,0,2,NA,NA,2,1,2,2,2,11,11,1,1,2,1
2017,1.3263738681337,1,2,3,3582.56930798095,5,0,0,0,0,0,0,0,0,3,1,5,2,1,2,2,2,9,10,1,1,1,1
2017,0.827727322351222,2,1,3,2794.40406022514,4,0,0,0,0,0,0,0,0,2,NA,NA,2,1,1,2,2,8,10,1,2,2,1
2017,0.506018352333885,1,2,3,2686.92698098571,4,0,1,1,0,0,0,0,0,2,NA,NA,2,1,2,2,2,5,5,1,1,2,1
2017,1.02693062889677,2,2,3,1773.37180745057,3,0,0,0,0,0,0,0,0,4,2,NA,2,1,1,1,2,8,10,1,1,1,1
2017,0.749954111885905,2,3,3,2507.79851558667,4,0,0,0,0,0,0,0,0,3,1,4,2,1,2,2,2,6,9,1,1,1,1
2017,0.435832745171319,2,2,3,4836.46856577428,5,0,0,0,0,0,0,0,0,2,1,4,2,1,1,2,2,6,6,1,1,1,1
2017,0.216343444737728,2,2,3,3009.358218704,4,0,1,1,0,0,0,0,0,1,NA,NA,1,1,2,2,1,6,9,1,1,2,1
2017,0.424377330708816,2,3,3,6448.62475436571,5,0,0,0,0,0,0,0,0,2,1,4,2,1,2,2,2,8,7,1,1,2,1
2017,0.815722511437543,1,1,3,5911.23935816857,5,0,0,0,0,0,0,0,0,2,1,4,2,1,2,2,2,8,8,1,1,2,1
2017,0.513465314448385,2,2,3,6448.62475436571,5,0,0,0,0,0,0,0,0,2,2,NA,2,1,2,2,2,9,9,1,1,1,1
2017,0.938151588143701,2,2,3,988.789129002743,2,0,0,0,0,0,0,0,0,5,NA,NA,2,1,2,2,2,8,11,1,1,1,1
2017,0.216343444737728,2,2,3,3589.73444659691,5,1,0,1,0,0,0,0,0,1,NA,NA,1,1,1,1,1,4,12,1,1,2,1
2017,1.00653499470861,1,2,3,3582.56930798095,5,0,0,0,0,0,0,0,0,3,1,4,2,1,2,2,2,8,9,1,1,2,1
2017,0.770197971672577,2,2,3,3224.31237718286,4,0,0,0,0,0,0,0,0,4,2,NA,2,2,2,2,2,9,9,1,3,2,1
2017,0.671023329805742,1,2,4,2149.54158478857,4,0,0,1,0,0,0,0,0,3,NA,NA,1,1,1,1,2,6,8,1,2,1,1
2017,0.529815530498452,2,1,4,1870.10117876606,3,0,0,0,0,0,0,0,0,2,NA,NA,1,2,1,1,2,6,6,1,1,1,1
2017,0.671023329805742,1,2,4,397.665193185886,1,0,0,1,0,0,0,0,0,2,2,NA,1,2,1,1,2,3,2,1,1,2,1
2017,0.216343444737728,2,2,4,3224.31237718286,4,1,1,1,1,1,1,1,0,1,NA,NA,1,1,1,1,2,1,1,1,1,2,1
2017,0.815722511437543,1,1,4,1612.15618859143,3,1,1,1,1,1,1,1,0,2,1,1,1,2,2,2,2,6,11,1,1,2,1
2017,1.22358376715632,1,1,4,286.605544638476,1,1,1,1,1,1,0,0,0,3,2,NA,2,2,2,2,1,1,1,1,1,2,2
2017,1.0895818629283,2,2,4,2149.54158478857,4,0,0,0,0,0,0,0,0,5,1,4,2,1,2,2,2,6,7,1,1,1,1
2017,0.815722511437543,1,1,4,3224.31237718286,4,0,0,0,0,0,0,0,0,2,NA,NA,1,1,1,1,2,8,9,1,1,2,1
2017,0.216343444737728,2,3,4,5496.37783230438,5,0,0,0,0,0,0,0,0,1,NA,NA,1,1,1,1,2,6,6,1,1,1,1
2017,0.608995493780016,2,3,4,3654.22069414057,5,0,0,0,0,0,0,0,0,5,1,3,2,1,2,2,2,9,10,1,1,1,1
2017,1.00822610624045,2,1,2,2149.54158478857,4,0,0,1,1,1,1,1,1,2,1,5,1,1,1,1,2,9,9,1,1,2,1
2017,0.653749117756979,2,2,2,7165.1386159619,5,0,0,0,0,0,0,0,0,3,2,NA,1,2,1,1,1,6,8,1,1,2,2
2017,0.671023329805742,1,2,2,5373.85396197143,5,1,0,0,0,1,0,0,0,2,2,NA,2,2,2,2,2,2,1,1,1,2,1
2017,1.34204665961148,1,2,2,3224.31237718286,4,0,0,0,0,0,0,0,0,4,1,4,2,1,2,2,2,6,6,1,1,1,1
2017,1.02693062889677,2,2,2,1289.72495087314,2,0,0,0,0,0,0,0,0,5,2,NA,2,1,2,2,2,6,7,1,1,2,1
2017,0.770197971672577,2,2,2,716.51386159619,2,1,1,1,0,0,0,0,0,6,NA,NA,2,2,1,1,1,6,12,2,2,1,2
2017,0.435832745171319,2,2,2,3546.74361490114,5,1,0,0,0,0,0,0,0,2,NA,NA,1,2,2,2,2,6,7,1,1,1,1
2017,0.407861255718771,1,1,2,3224.31237718286,4,0,0,0,0,0,0,0,0,1,NA,NA,1,1,1,1,1,1,1,1,1,2,2
2017,0.264907765249226,2,1,2,3224.31237718286,4,1,1,NA,0,0,0,0,0,1,NA,NA,1,1,1,1,1,12,12,1,2,2,3
2017,1.02693062889677,2,2,2,2579.44990174628,4,1,1,1,0,0,0,0,0,5,1,4,2,2,1,1,2,6,7,1,2,1,1
2017,2.16343444737728,2,1,2,286.605544638476,1,0,0,0,0,0,0,0,0,9,NA,NA,2,1,2,2,2,5,7,1,1,2,2
2017,0.815722511437543,1,1,2,3224.31237718286,4,0,0,0,0,0,0,0,0,2,NA,NA,2,1,2,2,2,6,12,1,1,2,1
2017,0.671023329805742,1,2,2,1612.15618859143,3,0,0,1,0,1,0,0,0,2,2,NA,2,2,2,1,1,4,12,1,1,2,2
2017,1.55230015757674,1,1,2,806.078094295714,2,1,1,1,1,1,1,1,0,4,1,1,2,2,2,2,1,3,12,1,1,2,1
2017,1.40516082003004,2,1,2,3224.31237718286,4,0,0,1,0,0,0,0,0,4,NA,NA,1,1,1,1,1,5,12,1,1,2,1
2017,1.65545464470244,2,1,2,3224.31237718286,4,0,0,0,0,0,0,0,0,4,NA,NA,2,1,2,2,2,6,9,1,1,1,1
2017,0.925833975972551,2,1,2,1074.77079239429,2,1,1,1,0,0,0,0,0,3,NA,NA,2,1,1,2,2,5,9,1,1,2,1
2017,0.506018352333885,1,2,2,2686.92698098571,4,1,0,0,0,0,0,0,0,2,1,2,2,1,1,2,2,6,6,1,1,2,1
2017,1.55230015757674,1,1,2,1074.77079239429,2,0,1,1,0,0,0,0,0,2,NA,NA,1,1,2,2,2,1,1,1,1,2,1
2017,1.51233915936067,2,1,2,2006.23881246933,3,1,1,1,1,1,1,1,1,3,NA,NA,1,2,1,1,1,1,1,2,2,2,2
2017,0.653749117756979,2,2,2,1791.28465399048,3,1,1,1,1,1,0,0,0,3,NA,NA,1,2,1,1,1,5,3,1,1,2,2
2017,0.815722511437543,1,1,2,1622.90389651537,3,1,1,1,0,0,0,0,0,2,1,1,2,2,2,2,2,6,12,1,1,2,1
2017,0.351290205007511,2,1,2,644.862475436571,1,1,1,1,0,0,0,0,0,1,NA,NA,1,1,1,1,2,6,6,1,1,1,1
2017,2.16343444737728,1,1,2,988.789129002743,2,1,1,1,1,1,1,1,0,5,2,NA,2,1,2,2,1,6,7,1,2,2,2
2017,0.506018352333885,1,2,2,2686.92698098571,4,0,0,0,NA,0,0,0,0,2,NA,NA,1,1,1,1,2,7,7,1,1,2,1
2017,1.8516679519451,2,1,2,1791.28465399048,3,0,0,1,0,0,0,0,0,6,NA,NA,2,2,1,2,2,7,8,1,2,2,2
2017,0.702580410015022,2,1,2,5373.85396197143,5,0,0,0,0,0,0,0,0,2,NA,NA,1,2,1,1,2,6,6,1,1,2,1
2017,0.462916987986276,2,1,2,2866.05544638476,4,1,1,1,0,0,0,0,0,3,NA,NA,2,2,2,1,1,6,1,1,2,2,1
2017,1.63144502287509,1,1,2,988.789129002743,2,1,1,1,0,1,1,1,0,5,NA,NA,1,2,1,1,2,4,4,1,2,2,2
2017,1.08171735925727,1,1,2,1397.20203011257,2,0,0,1,0,0,0,0,0,2,NA,NA,2,2,2,2,2,2,1,1,1,2,2
2017,0.264907765249226,2,1,2,4299.08316957714,5,0,0,0,0,0,0,0,0,1,NA,NA,2,1,1,2,2,6,6,1,1,2,1
2017,0.492718181532495,1,3,2,3761.69777338,5,0,0,0,0,0,0,0,0,2,1,1,1,1,3,2,2,4,4,1,1,2,1
2017,0.702580410015022,2,1,2,859.816633915428,2,0,1,1,1,1,0,0,0,3,NA,NA,1,2,1,1,2,3,6,1,1,2,2
2017,0.529815530498452,2,1,2,4299.08316957714,5,1,1,1,0,1,0,0,0,2,NA,NA,1,2,1,2,2,2,8,1,1,2,1
2017,1.91159688034792,1,1,2,1235.98641125343,2,0,0,0,0,0,0,0,0,4,NA,NA,2,1,2,2,2,8,11,1,1,2,1
2017,0.749954111885905,2,3,2,4299.08316957714,5,0,0,0,0,0,0,0,0,3,NA,NA,2,1,2,2,2,9,11,1,1,1,1
2017,0.702580410015022,2,1,2,2149.54158478857,4,1,0,0,0,0,0,0,0,2,1,5,1,2,1,2,2,4,1,1,2,2,1
2017,2.01645221248089,2,1,2,2686.92698098571,4,0,0,0,0,1,0,0,0,4,NA,NA,2,1,2,2,2,6,8,1,1,2,2
2017,2.16343444737728,2,1,2,1880.84888669,3,0,0,0,0,0,0,0,0,8,NA,NA,2,1,2,2,2,11,11,1,1,2,1
2017,0.815722511437543,1,1,2,3761.69777338,5,0,1,0,0,0,0,0,0,2,NA,NA,2,1,1,2,2,6,6,2,1,2,1
2017,0.759027528500828,1,2,2,2866.05544638476,4,0,0,0,0,0,0,0,0,6,NA,NA,1,1,1,2,2,6,6,1,1,2,1
2017,1.2508687841916,2,2,2,3224.31237718286,4,0,0,0,0,0,0,0,0,4,1,4,2,2,1,2,2,9,9,1,1,2,1
2017,1.34204665961148,1,2,2,1719.63326783086,3,0,0,1,0,0,0,0,0,5,1,5,2,1,2,2,2,8,8,1,1,1,1
2017,1.53954075559077,1,3,2,4567.77586767571,5,0,1,NA,0,0,0,0,0,4,1,4,2,1,2,2,2,8,9,1,1,1,1
2017,1.51233915936067,2,1,2,2794.40406022514,4,0,0,0,0,0,0,0,0,6,NA,NA,1,1,1,1,2,7,8,1,1,2,1
2017,1.18582372088221,1,2,2,4299.08316957714,5,0,0,0,0,0,0,0,0,4,NA,NA,2,1,2,2,2,6,12,1,1,1,1
2017,1.76849849084493,1,2,2,2686.92698098571,4,0,0,0,0,0,0,0,0,4,1,5,2,1,2,2,2,6,6,1,1,1,1
2017,2.01645221248089,2,1,2,1074.77079239429,2,1,1,1,1,1,1,1,0,5,NA,NA,1,2,1,1,1,2,12,1,2,2,2
2017,1.92588130657408,1,2,2,2686.92698098571,4,1,0,1,0,0,0,0,0,4,2,NA,2,2,2,2,1,8,7,3,2,2,2
2017,2.03930627859386,1,1,2,644.862475436571,1,0,1,1,0,1,1,0,0,8,NA,NA,1,1,2,1,2,6,4,1,1,2,1
2017,0.499969407923937,2,3,2,4299.08316957714,5,0,0,0,0,0,0,0,0,2,NA,NA,2,1,2,2,2,6,6,1,1,1,1
2017,0.264907765249226,2,1,2,2407.4865749632,4,1,1,1,0,1,0,1,0,1,NA,NA,1,2,1,1,2,1,8,1,2,2,1
2017,1.51233915936067,2,1,2,2042.06450554914,3,1,0,1,0,1,1,0,0,4,NA,NA,1,2,1,1,1,3,6,2,2,2,2
2017,0.407861255718771,1,1,2,4299.08316957714,5,0,0,0,0,0,0,0,0,1,NA,NA,1,1,1,1,1,8,12,1,2,2,2
2017,1.2508687841916,2,2,2,1343.46349049286,2,1,1,1,0,0,0,0,0,4,2,NA,1,2,1,1,1,1,1,1,2,2,2
2017,1.24159098352683,2,1,2,1343.46349049286,2,0,1,1,0,0,1,0,0,4,NA,NA,2,1,1,2,2,7,10,1,1,1,1
2017,0.938151588143701,2,2,2,1074.77079239429,2,1,1,1,1,1,1,1,1,4,1,2,1,1,1,1,1,6,6,1,1,2,1
2017,1.40516082003004,2,1,2,1074.77079239429,2,1,1,1,1,1,1,1,0,6,NA,NA,1,2,1,1,2,9,10,2,2,2,2
2017,1.92588130657408,1,2,2,895.642326995238,2,1,1,1,1,1,1,1,1,6,1,1,2,2,2,2,2,3,3,1,1,2,1
2017,1.51233915936067,2,1,2,2149.54158478857,4,1,1,1,0,0,0,0,0,3,1,4,2,2,2,2,2,2,12,1,1,2,2
2017,0.794723295747679,2,1,2,300.9358218704,1,1,1,1,0,0,0,0,0,5,NA,NA,1,1,1,1,1,2,4,1,2,2,1
2017,1.75645102503756,2,1,2,3070.7736925551,4,1,1,1,0,0,0,0,0,7,NA,NA,1,1,1,2,2,6,9,1,1,2,1
2017,0.794723295747679,2,1,2,1160.75245578583,2,1,1,1,1,1,1,1,0,5,NA,NA,1,2,1,1,1,6,6,1,2,2,2
2017,0.504113053120224,2,1,2,1074.77079239429,2,1,1,1,0,0,0,0,0,4,NA,NA,2,1,2,2,2,4,11,1,1,2,2
2017,2.06931830587806,2,1,2,1791.28465399048,3,0,0,0,0,0,0,0,0,6,NA,NA,2,2,2,2,2,8,12,1,1,1,1
2017,2.16343444737728,1,1,2,1791.28465399048,3,0,0,0,0,0,0,0,0,6,NA,NA,2,1,2,2,2,10,11,1,1,2,1
2017,1.05387061502253,2,1,2,4299.08316957714,5,1,1,1,0,0,0,0,0,3,NA,NA,1,2,1,1,2,5,6,1,1,2,1
2017,1.0596310609969,2,1,2,1343.46349049286,2,1,1,1,1,1,0,1,0,8,NA,NA,1,2,1,1,1,1,2,1,1,2,2
2017,0.529815530498452,2,1,2,4299.08316957714,5,0,0,0,0,0,0,0,0,2,NA,NA,2,1,2,2,2,6,12,1,1,2,1
2017,0.815722511437543,1,1,2,3654.22069414057,5,0,0,0,0,0,0,0,0,2,NA,NA,1,1,1,2,2,6,8,1,1,2,2
2017,0.702580410015022,2,1,2,2579.44990174628,4,1,1,1,1,1,1,1,0,2,NA,NA,2,1,1,1,1,6,7,1,1,1,1
2017,0.962940653287041,1,2,2,537.385396197143,1,1,1,1,1,1,1,1,1,4,1,1,1,2,1,1,1,1,6,2,1,1,2
2017,1.51233915936067,2,1,2,300.9358218704,1,1,1,1,1,1,1,1,1,3,NA,NA,1,1,1,1,2,4,4,1,2,2,2
2017,1.22358376715632,1,1,2,4299.08316957714,5,0,0,0,0,0,0,0,0,3,1,2,2,1,1,2,2,6,6,1,1,2,1
2017,0.529815530498452,2,1,2,2149.54158478857,4,1,1,1,0,1,1,1,0,2,NA,NA,1,2,2,2,2,6,4,1,1,2,1
2017,0.749954111885905,2,3,1,2149.54158478857,4,0,0,0,0,0,0,0,0,3,1,4,2,1,1,1,2,8,11,1,1,1,1
2017,0.513465314448385,2,2,1,2866.05544638476,4,0,0,0,0,0,0,0,0,3,1,2,2,1,2,2,2,8,8,1,1,2,1
2017,1.55230015757674,1,1,1,1074.77079239429,2,1,1,1,0,0,0,0,0,4,2,NA,2,2,2,2,2,2,4,1,2,2,2
2017,2.16343444737728,1,1,1,716.51386159619,2,0,1,1,0,0,0,0,0,6,1,3,1,1,1,2,2,4,6,1,1,2,1
2017,0.938151588143701,2,2,1,1074.77079239429,2,1,1,1,1,1,1,1,0,4,2,NA,2,2,1,1,1,6,9,1,2,2,2
2017,1.58109829450961,1,2,1,3224.31237718286,4,0,0,0,0,0,0,0,0,4,1,5,2,1,2,2,2,5,7,1,2,2,1
2017,1.2508687841916,2,2,1,1074.77079239429,2,1,1,1,0,0,0,0,0,4,NA,NA,1,1,1,2,2,3,3,1,1,2,2
2017,0.636565996063224,2,3,1,3940.82623877905,5,0,0,0,0,0,0,0,0,3,1,4,2,1,2,2,2,6,8,1,1,2,1
2017,1.08171735925727,1,1,1,1827.11034707029,3,1,1,1,0,0,0,0,0,2,NA,NA,1,1,1,2,2,1,1,1,1,2,2
2017,2.06931830587806,2,1,1,1612.15618859143,3,1,1,1,1,1,1,0,0,8,NA,NA,2,1,2,2,2,4,6,1,1,1,1
2017,0.253009176166943,1,2,4,3589.73444659691,5,1,0,0,0,0,0,1,0,1,NA,NA,1,2,2,1,1,7,8,2,2,2,1
2017,0.913493240670024,2,3,4,5373.85396197143,5,0,0,0,0,0,0,0,0,4,1,3,2,1,2,2,2,7,12,1,1,2,1
2017,0.506018352333885,1,2,4,2901.88113946457,4,0,0,0,0,0,0,0,0,2,NA,NA,1,2,1,1,2,5,4,1,2,2,1
2017,1.28366328612096,2,2,4,2866.05544638476,4,0,0,0,0,0,0,0,0,6,2,NA,2,1,1,2,2,9,11,1,1,2,1
2017,0.559228446740154,2,3,4,11464.221785539,5,0,0,0,0,0,0,0,0,3,1,4,2,2,2,2,2,8,9,1,1,2,2
2017,1.11845689348031,2,3,4,2686.92698098571,4,0,1,1,0,1,0,0,0,4,NA,NA,2,2,2,2,1,6,9,1,2,2,2
2017,0.492718181532495,1,3,4,3224.31237718286,4,0,0,0,0,0,0,0,0,2,NA,NA,2,1,2,2,2,6,6,1,2,2,2
2017,1.44441097993056,1,2,4,3493.00507528143,5,0,0,0,0,0,0,0,0,4,1,4,2,1,2,2,1,6,8,1,1,2,2
2017,0.759027528500828,1,2,4,5015.59703117333,5,0,0,0,0,0,0,0,0,3,NA,NA,2,2,2,2,2,6,6,1,2,2,2
2017,0.264907765249226,2,1,4,3439.26653566171,5,1,1,1,0,0,0,0,0,1,NA,NA,1,2,1,1,1,6,6,2,2,2,2
2017,0.320022729634891,2,3,3,236.449574326743,1,0,0,0,0,0,0,0,0,2,NA,NA,1,1,1,1,2,9,9,1,2,2,1
2017,0.435832745171319,2,2,3,232.150491157166,1,1,0,0,0,1,0,0,0,2,NA,NA,2,2,1,1,1,6,9,1,1,1,1
2017,1.97637286813702,1,2,3,558.880812045028,1,0,0,0,0,0,0,0,0,5,NA,NA,2,1,2,2,2,7,9,1,1,2,1
2017,0.304497746890008,2,3,3,2149.54158478857,4,1,0,0,0,0,0,0,0,2,1,3,1,2,1,1,1,4,11,1,2,1,2
2017,0.249984703961968,2,3,3,5373.85396197143,5,0,0,0,0,0,0,0,0,2,NA,NA,2,1,2,2,2,9,9,1,1,1,1
2017,0.435832745171319,2,2,3,322.431237718286,1,0,0,0,0,0,0,0,0,2,NA,NA,1,2,1,1,1,11,11,1,2,1,2
2017,0.328661251865252,2,2,3,429.908316957714,1,1,0,1,0,0,NA,0,1,2,NA,NA,1,2,1,2,2,11,12,1,2,2,2
2017,0.938151588143701,2,2,3,716.51386159619,2,1,0,0,0,0,0,0,0,3,1,4,2,2,1,2,2,7,7,1,1,2,1
2017,0.559228446740154,2,3,3,752.339554676,2,0,0,0,0,0,0,0,0,2,1,5,2,2,2,2,2,6,8,1,1,1,1
2017,0.216343444737728,2,3,3,451.4037328056,1,0,0,0,0,0,0,0,0,1,NA,NA,1,2,1,1,1,2,2,1,2,2,2
2017,1.91159688034792,1,1,4,3295.96376334248,4,0,0,0,0,0,0,0,0,3,NA,NA,2,1,2,2,2,8,8,1,1,1,1
2017,1.05387061502253,2,1,4,1433.02772319238,3,1,1,1,0,1,1,0,0,3,NA,NA,1,2,1,1,1,6,12,1,1,2,3
2017,1.22358376715632,1,1,4,2149.54158478857,4,1,1,0,0,1,0,1,0,3,NA,NA,1,2,1,1,1,3,11,1,1,2,2
2017,1.24159098352683,2,1,4,1504.679109352,3,1,1,1,1,1,0,1,0,4,2,NA,1,1,2,2,2,4,6,1,1,1,1
2017,2.16343444737728,1,1,4,1977.57825800549,3,0,0,0,0,0,0,0,0,5,2,NA,2,1,2,2,2,11,11,1,1,1,1
2017,1.22358376715632,1,1,4,752.339554676,2,1,1,1,0,0,0,0,0,4,NA,NA,1,1,1,1,2,5,5,1,2,2,2
2017,1.32453882624613,2,1,4,465.734010037524,1,0,0,0,0,0,0,0,0,6,NA,NA,2,1,2,2,2,6,12,1,1,2,1
2017,0.529815530498452,2,1,4,3009.358218704,4,1,1,1,0,1,0,0,0,2,NA,NA,1,2,1,1,1,6,12,2,2,2,1
2017,0.815722511437543,1,1,4,343.926653566171,1,1,1,1,1,1,0,1,0,2,NA,NA,1,2,1,1,2,8,8,1,2,2,1
2017,0.504113053120224,2,1,4,1433.02772319238,3,1,1,1,1,1,1,1,1,3,1,1,2,2,2,2,1,1,12,2,2,2,2
2017,0.506018352333885,1,2,3,2794.40406022514,4,0,0,0,0,0,0,0,0,2,NA,NA,1,1,2,2,2,6,8,1,2,2,1
2017,0.608995493780016,2,3,3,8060.78094295714,5,0,1,1,0,0,0,0,0,4,1,4,2,2,2,2,2,8,8,1,1,1,1
2017,1.44441097993056,1,2,3,8239.90940835619,5,1,1,1,0,0,0,0,0,3,1,4,2,2,2,2,2,7,9,1,2,2,2
2017,0.529815530498452,2,1,3,2686.92698098571,4,1,1,0,0,0,0,0,0,2,NA,NA,1,1,2,2,2,11,11,1,1,3,1
2017,0.749954111885905,2,3,3,4012.47762493867,5,0,0,0,0,0,0,0,0,3,NA,NA,2,1,2,2,2,8,10,1,1,1,1
2017,1.58109829450961,1,2,3,10747.7079239429,5,0,0,0,0,0,0,0,0,4,1,1,2,1,2,1,2,5,9,1,1,1,1
2017,0.657322503730504,2,2,3,8956.42326995238,5,0,0,0,0,0,0,0,0,6,NA,NA,1,1,1,1,1,8,6,1,1,2,1
2017,0.264907765249226,2,1,3,3009.358218704,4,1,1,1,1,1,1,1,0,1,NA,NA,1,1,1,1,1,6,6,1,1,2,1
2017,0.287161980016185,2,2,3,161.215618859143,1,0,0,0,0,0,0,0,0,2,NA,NA,2,2,2,1,1,9,11,2,2,1,2
2017,0.328661251865252,2,2,3,3869.17485261943,5,1,1,1,0,0,0,0,1,2,NA,NA,2,1,2,2,2,6,6,1,1,1,1
2017,1.67755832451435,1,2,3,1289.72495087314,2,1,1,1,0,1,0,0,0,5,2,NA,1,2,1,1,1,7,8,1,2,2,2
2017,0.636565996063224,2,3,3,6448.62475436571,5,0,0,0,0,0,0,0,0,3,1,4,2,2,2,2,2,6,8,1,1,2,2
2017,0.861007665466174,1,3,3,5373.85396197143,5,0,0,0,0,0,0,0,0,4,1,4,2,2,1,2,2,7,9,1,2,1,1
2017,0.925833975972551,2,1,3,5373.85396197143,5,1,1,1,1,1,1,1,0,4,1,4,2,2,2,2,1,1,1,1,2,2,2
2017,0.608995493780016,2,3,3,NA,5,0,0,0,0,0,0,0,0,2,1,4,2,1,2,2,2,10,11,1,1,1,1
2017,0.320022729634891,2,3,3,4836.46856577428,5,0,0,1,0,0,0,0,0,2,NA,NA,1,2,1,1,2,9,9,1,2,2,2
2017,0.529815530498452,2,1,3,4836.46856577428,5,1,1,0,0,0,0,0,0,2,NA,NA,1,2,1,1,1,6,8,1,2,2,2
2017,0.216343444737728,2,3,3,3654.22069414057,5,1,1,1,0,1,1,0,1,1,NA,NA,2,2,2,1,1,5,6,1,2,2,2
2017,0.395274573627403,1,2,3,4299.08316957714,5,0,1,1,0,0,0,0,0,1,NA,NA,2,2,2,2,2,7,10,1,1,1,1
2017,0.770197971672577,2,2,3,1218.07356471352,2,1,1,1,1,1,0,0,0,3,NA,NA,2,1,2,2,2,7,9,1,1,1,1
2017,0.671023329805742,1,2,3,1934.58742630971,3,1,0,1,0,0,0,0,NA,4,2,NA,2,2,2,2,2,5,6,1,2,2,2
2017,1.08171735925727,1,1,3,1397.20203011257,2,0,1,1,0,1,0,0,0,2,NA,NA,1,2,1,1,2,4,12,2,2,2,2
2017,2.01645221248089,2,1,3,2686.92698098571,4,1,1,1,1,1,0,0,1,4,1,5,2,2,1,1,2,1,1,1,2,2,2
2017,0.925833975972551,2,1,3,1880.84888669,3,1,1,1,1,1,1,1,1,4,NA,NA,2,1,2,1,1,1,2,1,1,2,1
2017,0.304497746890008,2,3,3,NA,5,0,0,0,0,0,0,0,0,1,1,4,2,1,2,1,1,10,10,1,1,2,1
2017,1.42544635364694,1,1,3,3152.66099102324,4,1,1,1,0,0,1,0,0,3,1,4,2,1,2,2,2,1,3,1,1,1,1
2017,1.55230015757674,1,1,3,1074.77079239429,2,1,1,1,1,1,1,1,1,4,1,2,2,2,2,2,2,6,6,1,2,2,2
2017,0.264907765249226,2,1,3,4299.08316957714,5,1,1,1,1,1,1,1,1,1,NA,NA,1,1,1,2,2,1,1,1,2,2,2
2017,1.65545464470244,2,1,3,128.972495087314,1,1,1,1,1,1,1,1,1,5,NA,NA,2,1,2,2,2,4,12,1,1,2,1
2017,0.395274573627403,1,2,3,4299.08316957714,5,1,1,0,1,1,1,1,1,1,2,NA,2,2,1,1,1,4,6,1,2,2,2
2017,1.14864792006474,2,2,3,2149.54158478857,4,1,0,0,0,0,0,0,0,6,2,NA,2,2,2,2,1,6,12,1,2,2,2
2017,1.11845689348031,2,3,3,4299.08316957714,5,0,1,1,0,0,0,0,0,5,1,4,2,2,1,1,1,6,9,1,1,1,2
2017,0.937630750787952,1,3,3,4836.46856577428,5,0,0,0,0,0,0,0,0,4,1,5,2,1,2,2,2,9,11,1,1,1,1
2017,0.559228446740154,2,3,3,10747.7079239429,5,0,0,0,0,0,0,0,0,2,1,5,2,1,1,2,2,9,10,1,1,1,1
2017,0.264907765249226,2,1,3,1504.679109352,3,0,0,0,0,0,0,0,0,1,NA,NA,2,1,2,2,2,8,12,1,1,2,1
2017,1.11845689348031,2,3,3,4030.39047147857,5,0,0,0,0,0,0,0,0,4,1,2,2,2,1,1,2,5,7,1,2,2,2
2017,0.770197971672577,2,2,3,10747.7079239429,5,0,0,0,0,0,0,0,0,4,1,1,2,2,2,2,2,9,11,1,1,2,1
2017,0.608995493780016,2,3,3,4621.51440729543,5,0,1,1,0,0,0,0,0,4,1,4,2,1,2,2,2,9,11,1,1,1,1
2017,1.02693062889677,2,2,3,1289.72495087314,2,1,1,1,1,1,1,1,0,5,2,NA,2,2,2,2,2,3,3,1,1,1,2
2017,2.16343444737728,1,1,3,4836.46856577428,5,0,0,0,0,0,0,0,0,4,NA,NA,2,1,2,2,2,6,8,1,1,1,3
2017,1.5635859802395,2,2,4,1433.02772319238,3,1,0,0,0,0,0,0,0,9,1,4,2,1,1,2,2,6,9,1,1,1,1
2017,0.540858679628633,1,1,4,3439.26653566171,5,1,1,1,1,1,1,1,1,1,2,NA,2,1,1,1,1,1,6,2,2,2,2
2017,0.480034094452337,2,3,4,7165.1386159619,5,0,0,0,0,0,0,0,0,3,NA,NA,2,1,1,2,1,6,12,1,1,2,1
2017,0.657322503730504,2,2,4,3224.31237718286,4,1,1,1,0,0,0,0,0,4,NA,NA,2,1,1,2,2,9,9,1,1,2,1
2017,1.02693062889677,2,2,4,5373.85396197143,5,0,0,0,0,0,0,0,0,4,NA,NA,2,1,2,2,2,11,11,1,1,2,1
2017,0.749954111885905,2,3,4,5732.11089276952,5,0,0,0,0,0,0,0,0,3,NA,NA,2,1,2,2,2,8,10,1,1,1,1
2017,2.16343444737728,1,1,4,128.972495087314,1,1,1,1,1,1,1,1,1,5,2,NA,2,2,2,1,1,1,1,1,2,2,2
2017,0.769770377795384,1,3,4,8598.16633915428,5,0,0,0,0,0,0,0,0,2,NA,NA,2,2,2,2,2,11,11,1,2,2,3
2017,0.559228446740154,2,3,4,5373.85396197143,5,0,0,0,0,0,0,0,0,4,NA,NA,2,2,1,1,1,11,11,1,2,1,2
2017,0.838842670110231,2,3,4,4299.08316957714,5,0,0,0,0,0,0,0,0,5,1,3,2,2,1,2,2,10,8,1,1,1,1
2017,0.671023329805742,1,2,3,4299.08316957714,5,0,0,0,0,0,0,0,0,2,NA,NA,2,2,2,2,2,11,6,1,1,2,1
2017,1.76849849084493,1,2,3,8060.78094295714,5,0,0,0,0,0,0,0,0,4,1,3,1,1,1,2,2,6,8,2,1,1,1
2017,0.861007665466174,1,3,3,7165.1386159619,5,1,0,0,0,0,0,0,0,3,1,4,2,1,2,2,2,8,9,1,1,2,1
2017,0.861007665466174,1,3,3,NA,5,0,0,0,0,0,0,0,0,2,NA,NA,2,1,2,2,2,7,8,1,1,1,1
2017,0.506018352333885,1,2,3,3761.69777338,5,0,0,0,0,0,0,0,0,2,NA,NA,1,1,1,1,2,6,12,1,1,2,1
2017,0.246359090766247,1,3,3,11177.6162409006,5,0,0,0,0,0,0,0,0,1,NA,NA,2,1,2,2,2,6,6,1,2,1,1
2017,0.770197971672577,2,2,3,3940.82623877905,5,0,0,0,0,0,0,0,0,3,NA,NA,2,2,2,2,2,7,6,1,1,2,2
2017,1.29151149819926,1,3,3,3009.358218704,4,0,1,1,0,0,0,0,0,5,1,4,2,1,2,2,2,6,12,1,2,1,1
2017,0.480034094452337,2,3,3,35.8256930798095,1,1,1,1,1,1,1,1,0,3,1,4,2,1,2,2,2,11,12,1,2,1,1
2017,0.21791637258566,2,2,3,322.431237718286,1,1,1,1,1,1,1,1,1,1,NA,NA,2,2,1,2,1,1,1,1,2,2,2
2017,1.8516679519451,2,1,4,1719.63326783086,3,1,1,1,1,1,1,1,0,5,1,4,2,2,1,2,2,6,8,1,1,2,2
2017,0.435832745171319,2,2,4,1612.15618859143,3,1,1,1,1,1,1,1,1,2,NA,NA,1,1,1,1,1,1,1,1,1,2,1
2017,0.962940653287041,1,2,4,4836.46856577428,5,0,1,1,0,0,0,0,0,4,1,4,2,2,2,2,2,6,8,1,1,1,1
2017,1.0596310609969,2,1,4,1074.77079239429,2,0,1,1,0,0,0,0,0,4,NA,NA,2,2,1,1,1,10,10,1,1,1,2
2017,2.16343444737728,1,1,4,2456.61895404408,4,0,1,1,0,1,0,0,0,7,1,4,1,1,1,2,2,6,10,1,2,2,1
2017,0.702580410015022,2,1,4,5373.85396197143,5,0,1,1,0,1,0,0,0,2,1,4,1,2,1,1,1,6,8,1,2,2,1
2017,1.2508687841916,2,2,4,3224.31237718286,4,0,0,0,0,0,0,0,0,4,1,3,2,1,2,2,2,8,11,1,1,1,1
2017,1.51233915936067,2,1,4,2149.54158478857,4,1,1,1,0,1,1,0,0,5,NA,NA,2,1,1,2,2,6,10,1,1,1,1
2017,0.962940653287041,1,2,4,3869.17485261943,5,0,0,0,0,0,0,0,0,5,1,4,2,2,2,2,2,11,11,1,2,1,1
2017,0.513465314448385,2,2,4,4836.46856577428,5,0,0,0,0,0,0,0,0,2,NA,NA,2,2,2,2,2,6,8,1,1,1,1
2017,1.58109829450961,1,2,4,1074.77079239429,2,0,0,0,0,0,0,0,0,4,NA,NA,2,1,2,2,2,6,10,1,1,1,1
2017,0.702580410015022,2,1,4,2901.88113946457,4,1,1,1,1,1,1,1,0,2,NA,NA,1,1,2,1,1,2,12,1,1,2,2
2017,1.02693062889677,2,2,4,1160.75245578583,2,1,1,1,0,1,1,1,0,5,NA,NA,2,1,2,2,2,8,12,1,1,2,1
2017,0.625434392095801,2,2,4,1791.28465399048,3,1,1,1,1,1,1,1,0,3,1,5,1,2,1,2,2,3,12,1,1,2,2
2017,1.02693062889677,2,2,4,2149.54158478857,4,0,0,0,0,0,0,0,0,5,NA,NA,2,1,3,2,2,8,8,1,1,2,1
2017,0.625434392095801,2,2,4,1612.15618859143,3,1,1,1,0,1,0,0,0,4,2,NA,2,2,2,2,2,7,4,1,1,2,1
2017,0.264907765249226,2,1,4,3439.26653566171,5,1,1,0,0,1,0,0,0,1,NA,NA,1,1,1,1,2,3,9,1,1,2,1
2017,1.00822610624045,2,1,4,1579.9130648196,3,0,1,0,0,0,0,0,0,2,2,NA,1,2,1,2,2,3,1,1,1,2,2
2017,0.653749117756979,2,2,4,5015.59703117333,5,1,0,0,0,1,0,0,0,3,1,2,2,2,1,1,1,7,8,1,1,2,1
2017,0.884249245422467,1,2,4,5732.11089276952,5,0,0,1,0,0,0,0,0,3,1,4,2,2,1,2,1,7,3,2,1,1,2
2017,0.815722511437543,1,1,4,3761.69777338,5,1,0,0,0,0,0,0,0,2,NA,NA,1,2,1,1,1,6,7,1,2,2,2
2017,0.435832745171319,2,2,4,2901.88113946457,4,1,1,1,1,1,1,1,1,2,2,NA,1,2,1,1,1,1,5,2,2,2,2
2017,0.980079259881098,1,3,4,7881.65247755809,5,0,0,1,0,0,0,0,0,3,1,4,2,2,2,2,2,7,7,1,1,2,1
2017,0.529815530498452,2,1,4,3009.358218704,4,1,1,0,0,0,0,0,0,2,NA,NA,2,1,2,2,2,11,12,1,1,2,1
2017,0.264907765249226,2,1,4,3224.31237718286,4,1,1,1,1,1,1,1,0,1,NA,NA,1,2,1,1,1,6,12,2,2,2,1
2017,0.504113053120224,2,1,4,3224.31237718286,4,1,1,1,1,0,0,0,0,2,2,NA,2,2,1,1,1,6,12,1,1,1,2
2017,0.264907765249226,2,1,4,3009.358218704,4,1,1,1,1,1,0,1,0,1,NA,NA,1,2,1,1,1,6,6,2,1,2,2
2017,0.925833975972551,2,1,4,204.206450554914,1,1,1,1,1,1,1,1,1,6,2,NA,2,2,1,1,1,1,3,2,2,2,2
2017,1.24992351980984,2,3,4,2579.44990174628,4,0,0,0,0,0,0,0,0,5,1,4,2,2,2,2,2,8,8,1,1,1,1
2017,0.328661251865252,2,2,4,3331.78945642228,4,1,1,1,0,0,0,0,0,2,NA,NA,1,2,2,1,2,6,6,1,2,1,1
2017,0.216343444737728,2,2,3,3654.22069414057,5,1,0,0,0,0,0,0,0,1,NA,NA,1,1,1,1,1,2,6,1,1,2,1
2017,0.264907765249226,2,1,3,3525.24819905326,5,1,1,1,0,1,0,0,0,1,NA,NA,1,2,1,1,1,1,1,2,2,2,2
2017,1.2508687841916,2,2,3,1719.63326783086,3,1,1,1,0,1,1,1,0,5,NA,NA,1,2,1,2,1,1,1,1,1,2,1
2017,0.559228446740154,2,3,3,1074.77079239429,2,1,1,0,1,1,0,0,0,4,NA,NA,2,2,2,2,1,6,9,1,1,1,1
2017,0.506018352333885,1,2,3,2901.88113946457,4,1,1,1,0,1,0,0,0,2,NA,NA,1,1,1,1,1,1,1,1,2,2,1
2017,1.92588130657408,1,2,3,2686.92698098571,4,0,1,1,0,0,0,0,0,4,1,4,2,1,2,2,2,4,4,1,1,2,2
2017,0.671023329805742,1,2,3,2042.06450554914,3,1,0,0,0,0,0,0,0,2,NA,NA,1,1,2,2,2,6,6,1,1,2,1
2017,0.938151588143701,2,2,3,1433.02772319238,3,1,1,1,1,1,0,0,1,3,2,NA,2,2,1,2,1,1,1,2,2,2,2
2017,0.759027528500828,1,2,3,2507.79851558667,4,0,0,0,0,0,0,0,0,3,NA,NA,1,1,2,2,2,8,8,1,1,2,1
2017,0.529815530498452,2,1,3,3224.31237718286,4,1,1,1,1,1,1,0,0,2,NA,NA,1,1,1,1,1,6,6,1,2,2,2
2017,1.55230015757674,1,1,3,1612.15618859143,3,1,1,1,0,1,0,0,0,4,NA,NA,1,1,1,2,1,9,10,1,2,1,1
2017,0.216343444737728,2,3,3,10747.7079239429,5,0,1,1,0,0,0,0,0,1,1,1,1,2,1,1,1,5,4,1,2,1,2
2017,0.671023329805742,1,2,3,4299.08316957714,5,1,0,0,0,0,0,0,0,2,1,5,2,1,2,2,1,7,12,1,1,2,2
2017,0.513465314448385,2,2,3,1612.15618859143,3,1,1,1,0,1,0,0,0,2,NA,NA,2,1,2,2,2,8,10,1,1,1,1
2017,2.16343444737728,1,2,3,1791.28465399048,3,1,1,1,1,1,0,0,0,6,1,5,2,2,1,2,2,5,6,2,1,2,1
2017,0.253009176166943,1,2,3,2579.44990174628,4,1,1,1,0,0,0,0,0,1,NA,NA,2,1,2,2,2,4,4,1,1,2,1
2017,0.82165312966313,2,2,3,1633.65160443931,3,1,0,0,0,0,0,0,0,5,NA,NA,2,1,2,1,1,8,12,1,2,1,1
2017,0.384885188897692,1,3,3,4299.08316957714,5,0,1,1,0,0,0,0,0,1,NA,NA,2,1,1,1,2,6,8,1,1,2,1
2017,0.216343444737728,2,3,3,9243.02881459085,5,0,0,0,0,0,0,0,0,1,NA,NA,2,1,2,2,2,8,8,1,2,2,1
2017,0.790549147254806,1,2,3,4299.08316957714,5,1,1,1,1,1,1,1,0,2,2,NA,2,2,1,2,2,6,11,1,1,2,1
2017,1.32453882624613,2,1,3,1934.58742630971,3,0,0,0,0,0,0,0,0,5,NA,NA,1,2,1,1,2,6,6,1,2,2,1
2017,0.256732657224193,2,2,3,8598.16633915428,5,0,0,0,0,0,0,0,0,1,NA,NA,2,1,2,2,2,10,7,1,1,1,1
2017,0.653749117756979,2,2,3,1433.02772319238,3,1,0,0,0,0,0,0,0,3,2,NA,2,1,2,2,2,6,9,1,1,1,1
2017,0.335511664902871,1,2,3,429.908316957714,1,1,1,1,1,1,1,1,0,1,2,NA,2,1,2,1,2,6,12,1,2,2,2
2017,1.51233915936067,2,1,3,2006.23881246933,3,1,0,1,0,0,0,0,0,3,1,2,2,2,1,2,2,8,9,1,1,2,1
2017,0.499969407923937,2,3,3,8598.16633915428,5,0,1,0,0,0,0,0,0,2,NA,NA,2,1,2,2,2,9,10,1,1,1,1
2017,1.0596310609969,2,1,3,736.985686213224,2,1,1,1,0,1,1,0,0,7,NA,NA,2,2,2,1,2,7,12,1,2,2,2
2017,1.24159098352683,2,1,3,1719.63326783086,3,0,0,0,0,0,0,0,0,3,NA,NA,2,1,2,2,2,8,10,1,1,1,1
2017,0.384885188897692,1,3,3,15046.79109352,5,0,0,0,0,1,0,0,0,1,NA,NA,2,1,2,2,2,8,10,1,1,1,1
2017,0.249984703961968,2,3,3,4299.08316957714,5,1,0,0,1,1,0,0,0,1,1,4,2,3,2,2,2,6,8,1,2,2,2
2017,1.29151149819926,1,3,3,2866.05544638476,4,0,0,0,0,0,0,0,0,3,1,5,2,2,2,2,1,11,9,1,1,1,1
2017,0.702580410015022,2,1,3,3224.31237718286,4,1,1,1,0,0,0,0,0,2,NA,NA,2,1,2,2,2,1,12,2,1,2,1
2017,0.312717196047901,2,2,3,967.293713154857,2,1,1,1,1,1,1,1,1,2,NA,NA,1,2,1,1,1,3,12,2,2,2,2
2017,1.8752615015759,1,3,3,4299.08316957714,5,1,1,1,0,0,0,0,0,5,1,4,2,1,2,2,2,6,12,1,1,1,1
2017,0.216343444737728,2,3,3,4299.08316957714,5,0,0,0,0,0,0,0,0,1,NA,NA,1,2,1,1,2,3,3,1,2,2,2
2017,0.529815530498452,2,1,3,3439.26653566171,5,0,1,1,0,1,0,0,0,2,NA,NA,1,2,1,1,2,11,6,1,1,2,1
2017,0.435832745171319,2,2,3,3761.69777338,5,1,1,1,0,1,0,0,0,2,NA,NA,1,2,1,1,1,6,8,1,1,1,1
2017,0.608995493780016,2,3,3,5373.85396197143,5,0,0,0,0,0,0,0,0,2,1,5,1,1,2,2,2,6,9,1,1,1,1
2017,1.00653499470861,1,2,3,2149.54158478857,4,0,0,0,0,0,0,0,0,4,1,3,2,2,2,2,1,6,6,1,2,2,2
2017,0.499969407923937,2,3,3,8598.16633915428,5,0,0,0,0,0,0,0,0,2,NA,NA,2,1,2,2,2,6,8,1,1,2,1
2017,0.938151588143701,2,2,3,2149.54158478857,4,1,1,1,0,1,0,0,0,3,NA,NA,1,1,1,1,2,7,12,1,1,2,1
2017,0.938151588143701,2,2,3,333.178945642228,1,1,1,1,1,1,1,1,1,4,2,NA,1,2,1,1,2,4,12,1,2,2,2
2017,2.16343444737728,1,1,3,1289.72495087314,2,1,1,1,0,0,0,0,0,5,NA,NA,2,2,2,2,2,6,9,1,1,1,2
2017,2.06931830587806,2,1,3,1827.11034707029,3,0,0,0,0,0,0,0,0,6,NA,NA,2,1,2,2,2,11,11,1,1,1,1
2017,0.962940653287041,1,2,3,2149.54158478857,4,1,1,1,1,1,0,0,0,3,1,4,2,2,2,2,2,5,4,1,2,2,2
2017,2.16343444737728,1,1,3,1719.63326783086,3,0,0,1,0,0,0,0,0,5,NA,NA,2,1,2,2,2,6,3,1,1,2,1
2017,1.18582372088221,1,2,3,716.51386159619,2,0,0,1,0,0,0,0,0,3,2,NA,2,2,2,2,2,3,6,1,1,1,1
2017,1.34204665961148,1,2,3,1074.77079239429,2,1,1,1,0,0,0,0,0,4,2,NA,2,1,2,2,2,5,3,1,1,2,1
2017,0.462916987986276,2,1,3,2149.54158478857,4,1,1,1,0,1,0,0,0,3,NA,NA,2,1,2,2,2,8,9,1,1,2,1
2017,1.00822610624045,2,1,3,5015.59703117333,5,0,0,0,0,0,0,0,0,3,NA,NA,2,1,2,2,1,6,6,1,1,2,2
2017,1.24159098352683,2,1,4,3869.17485261943,5,0,0,0,0,0,0,0,0,5,NA,NA,2,1,2,2,2,6,9,1,1,1,1
2017,1.51233915936067,2,1,4,1289.72495087314,2,1,1,1,0,1,0,0,0,5,2,NA,2,2,1,2,2,5,12,2,2,2,2
2017,2.01645221248089,2,1,4,1074.77079239429,2,0,0,0,0,0,0,0,0,4,NA,NA,2,2,2,2,2,6,12,1,1,2,1
2017,2.06931830587806,2,1,4,1074.77079239429,2,1,1,1,1,1,1,1,1,6,NA,NA,2,1,2,2,2,11,10,1,1,1,1
2017,1.58109829450961,1,2,4,2686.92698098571,4,0,0,0,0,0,0,0,0,4,1,4,2,2,2,2,2,6,8,1,1,2,2
2017,0.671023329805742,1,2,4,4836.46856577428,5,0,0,1,0,1,0,0,0,2,1,4,2,1,2,2,2,6,8,1,1,2,1
2017,0.962940653287041,1,2,4,2149.54158478857,4,0,0,0,0,0,0,0,0,4,1,4,2,1,2,2,2,6,8,1,1,1,1
2017,0.653749117756979,2,2,4,2149.54158478857,4,1,1,1,1,1,0,1,0,3,NA,NA,1,2,1,1,1,2,3,1,2,2,2
2017,2.16343444737728,1,1,4,1074.77079239429,2,1,0,1,1,1,0,0,0,4,1,6,2,1,2,2,2,4,7,1,1,1,1
2017,0.770197971672577,2,2,4,1504.679109352,3,1,1,1,0,0,0,0,0,5,2,NA,2,2,2,2,2,6,9,1,1,1,1
2017,1.72201533093235,1,3,3,21.4954158478857,1,0,0,0,0,0,0,0,0,4,NA,NA,2,3,1,1,1,9,8,3,1,3,3
2017,0.925833975972551,2,1,3,214.954158478857,1,1,1,1,1,1,1,1,1,5,NA,NA,2,2,1,1,1,1,1,1,1,2,2
2017,1.00653499470861,1,2,3,429.908316957714,1,1,1,1,1,1,1,1,1,3,2,NA,1,1,1,1,1,1,12,1,1,2,2
2017,1.91159688034792,1,1,3,5732.11089276952,5,0,0,0,0,0,0,0,0,3,NA,NA,2,1,2,2,2,7,9,1,1,2,1
2017,1.72201533093235,1,3,3,3761.69777338,5,0,0,0,0,0,0,0,0,4,2,NA,2,1,2,2,1,8,9,1,2,1,1
2017,0.320022729634891,2,3,3,5051.42272425314,5,0,0,0,0,1,0,0,0,2,NA,NA,2,1,2,1,1,8,9,1,2,2,2
2017,0.871665490342638,2,2,3,1289.72495087314,2,1,1,1,0,1,1,NA,0,5,NA,NA,1,2,1,1,1,1,6,3,2,2,2
2017,1.08171735925727,1,1,3,537.385396197143,1,1,1,1,1,1,1,1,1,2,2,NA,1,1,1,1,1,1,12,2,2,2,2
2017,1.58109829450961,1,2,3,1612.15618859143,3,1,1,1,0,1,1,1,0,4,1,5,2,1,2,1,1,11,11,2,2,1,2
2017,0.435832745171319,2,2,3,64.4862475436571,1,1,0,0,0,0,0,0,0,2,1,5,1,2,1,2,2,1,12,1,1,1,1
2017,1.3263738681337,1,2,2,5015.59703117333,5,0,0,0,0,0,0,0,0,3,1,4,2,1,2,2,2,4,6,1,1,2,1
2017,0.499969407923937,2,3,2,4406.56024881657,5,0,0,0,0,0,0,0,0,2,NA,NA,2,1,2,2,2,8,9,1,1,2,3
2017,0.848754661417632,2,3,2,5373.85396197143,5,1,1,1,1,1,1,1,1,4,2,NA,1,1,2,2,2,9,7,1,1,1,1
2017,0.848754661417632,2,3,2,6448.62475436571,5,0,0,0,0,0,0,0,0,5,1,5,2,1,2,2,2,8,9,1,1,2,1
2017,0.815722511437543,1,1,2,2794.40406022514,4,0,0,0,0,0,0,0,0,2,NA,NA,1,2,1,1,2,11,6,2,1,2,1
2017,0.256732657224193,2,2,2,10747.7079239429,5,0,0,0,0,0,0,0,0,2,NA,NA,2,1,2,2,2,8,10,1,1,1,1
2017,1.51233915936067,2,1,2,3224.31237718286,4,1,1,1,1,1,1,1,1,4,NA,NA,2,2,2,2,1,6,12,1,2,1,2
2017,0.702580410015022,2,1,2,1612.15618859143,3,0,1,0,1,0,1,1,1,2,NA,NA,1,2,2,1,1,1,12,2,2,2,2
2017,0.287161980016185,2,2,2,6448.62475436571,5,0,1,1,0,0,0,0,0,1,2,NA,2,1,1,1,2,8,8,1,1,1,1
2017,0.264907765249226,2,1,2,1934.58742630971,3,0,0,0,0,0,0,0,0,1,NA,NA,1,1,1,1,2,6,6,1,1,2,2
2017,2.16343444737728,1,1,2,716.51386159619,2,1,1,1,1,1,0,0,0,3,NA,NA,1,1,1,2,1,3,3,1,1,1,1
2017,0.351290205007511,2,1,2,1633.65160443931,3,1,1,1,1,1,1,1,0,1,NA,NA,2,2,1,1,1,11,11,1,2,2,2
2017,0.529815530498452,2,1,2,2686.92698098571,4,1,0,0,0,0,0,0,0,2,NA,NA,1,1,1,2,2,5,3,1,1,2,1
2017,0.625434392095801,2,2,2,2866.05544638476,4,1,0,0,0,0,0,0,0,3,1,1,2,1,1,1,3,6,10,1,1,1,1
2017,0.513465314448385,2,2,2,10747.7079239429,5,0,0,0,0,0,0,0,0,2,NA,NA,2,1,2,2,2,8,11,1,1,1,1
2017,2.16343444737728,1,1,2,444.238594189638,1,0,1,1,0,0,0,0,0,6,NA,NA,2,1,2,2,2,7,10,1,1,2,1
2017,1.32453882624613,2,1,2,3654.22069414057,5,0,0,0,0,0,0,0,0,5,NA,NA,1,2,1,1,1,6,5,1,1,2,1
2017,0.506018352333885,1,2,2,1773.37180745057,3,0,0,0,0,0,0,0,0,4,1,4,1,1,2,2,2,8,10,1,2,2,1
2017,0.702580410015022,2,1,2,2149.54158478857,4,0,0,0,0,0,0,0,0,2,NA,NA,1,2,1,1,1,7,7,1,1,2,1
2017,0.671023329805742,1,2,2,1612.15618859143,3,1,1,1,1,1,1,1,1,2,1,2,1,2,1,1,1,1,1,2,2,2,2
2017,0.702580410015022,2,1,2,1612.15618859143,3,1,1,1,1,1,1,1,0,2,NA,NA,1,2,1,1,1,1,1,1,1,2,2
2017,1.40516082003004,2,1,2,2686.92698098571,4,1,1,1,1,1,1,1,1,4,NA,NA,1,1,1,1,1,8,9,1,2,2,2
2017,1.00822610624045,2,1,2,1827.11034707029,3,1,1,1,0,1,1,1,1,2,NA,NA,1,2,1,1,1,5,7,2,2,2,2
2017,2.16343444737728,1,1,2,551.715673429066,1,1,1,0,0,1,1,1,1,6,2,NA,2,2,1,2,2,7,3,2,2,2,1
2017,0.435832745171319,2,2,2,3224.31237718286,4,0,0,0,0,0,0,0,0,2,1,4,2,1,2,2,2,11,11,1,1,1,1
2017,0.702580410015022,2,1,3,2471.97282250686,4,1,1,1,1,1,0,1,0,2,NA,NA,2,2,1,1,1,6,7,1,2,2,2
2017,0.256732657224193,2,2,3,5588.80812045028,5,0,0,0,0,0,0,0,0,2,1,5,2,2,1,2,2,9,9,1,1,2,1
2017,1.55230015757674,1,1,3,322.431237718286,1,1,1,1,0,0,1,1,0,4,2,NA,2,2,2,1,1,7,9,1,2,2,2
2017,0.559228446740154,2,3,3,3439.26653566171,5,1,1,1,0,0,0,0,0,3,1,4,2,1,2,2,2,5,6,1,2,2,2
2017,0.861007665466174,1,3,3,5373.85396197143,5,1,1,1,0,1,0,0,0,2,1,4,2,1,2,2,2,6,9,1,2,1,1
2017,0.264907765249226,2,1,3,3439.26653566171,5,1,1,1,0,1,1,1,0,1,NA,NA,1,2,1,1,1,1,1,2,2,2,2
2017,0.770197971672577,2,2,3,2507.79851558667,4,1,1,1,1,1,1,1,0,6,NA,NA,2,2,2,2,2,9,12,1,2,2,1
2017,1.05387061502253,2,1,3,1074.77079239429,2,1,1,1,1,1,1,1,1,3,2,NA,1,1,1,1,2,8,10,2,1,2,2
2017,0.304497746890008,2,3,3,5373.85396197143,5,0,0,0,0,0,0,0,0,2,1,5,2,2,2,1,2,7,8,1,1,2,1
2017,0.395274573627403,1,2,3,15046.79109352,5,1,1,1,1,1,1,1,1,1,1,1,2,1,2,2,2,11,11,1,1,1,1
2017,0.279614223370077,2,3,3,5373.85396197143,5,0,0,0,0,0,0,0,0,2,1,4,2,1,2,2,2,8,9,1,1,1,1
2017,0.435832745171319,2,2,3,8598.16633915428,5,1,1,1,1,1,0,0,0,2,1,4,1,1,2,2,1,7,9,1,1,2,1
2017,0.256732657224193,2,2,3,3582.56930798095,5,0,0,0,0,0,0,0,0,3,NA,NA,2,1,2,2,2,9,11,1,1,2,2
2017,0.608995493780016,2,3,3,4299.08316957714,5,1,1,1,0,1,0,0,0,3,1,4,2,2,2,2,2,5,6,1,1,2,1
2017,0.653749117756979,2,2,3,3582.56930798095,5,0,0,0,0,0,0,0,0,3,1,3,2,1,2,2,2,6,8,1,2,2,1
2017,0.435832745171319,2,2,3,5911.23935816857,5,0,0,0,0,0,0,0,0,2,1,4,2,2,2,2,2,11,11,1,1,1,1
2017,1.21799098756003,2,3,3,3493.00507528143,5,0,0,0,0,0,0,0,0,4,1,3,2,3,2,2,2,8,9,1,1,2,1
2017,0.216343444737728,2,3,3,11177.6162409006,5,0,0,0,0,0,0,0,0,1,1,4,2,1,2,2,2,6,8,1,1,2,1
2017,0.21791637258566,2,2,3,10747.7079239429,5,1,1,1,1,1,0,0,0,1,1,4,2,2,1,1,1,6,12,1,2,2,2
2017,0.21791637258566,2,2,3,4299.08316957714,5,0,0,1,0,0,0,0,0,1,NA,NA,1,2,1,2,2,4,5,1,2,2,2
2017,1.65545464470244,2,1,3,3224.31237718286,4,0,0,0,0,0,0,0,0,5,NA,NA,1,1,2,2,2,9,9,1,1,1,1
2017,0.702580410015022,2,1,3,2633.188441366,4,1,1,1,0,0,0,0,0,2,NA,NA,2,2,2,2,2,5,6,1,1,2,1
2017,0.861007665466174,1,3,3,1612.15618859143,3,0,0,0,0,0,0,0,0,4,1,4,2,1,2,2,2,11,11,1,1,1,1
2017,1.24159098352683,2,1,3,1791.28465399048,3,1,1,1,1,1,1,1,1,3,NA,NA,2,2,2,2,2,1,3,2,1,2,1
2017,1.51233915936067,2,1,3,2507.79851558667,4,1,1,1,1,1,1,0,0,3,1,4,1,1,1,1,1,6,7,1,1,1,1
2017,1.2508687841916,2,2,3,859.816633915428,2,1,1,1,0,1,1,0,0,5,NA,NA,2,2,1,1,1,6,4,2,1,2,2
2017,0.506018352333885,1,2,3,5373.85396197143,5,0,1,0,0,0,0,0,0,2,NA,NA,2,2,2,2,2,8,8,1,3,2,2
2017,1.01203670466777,1,2,3,2866.05544638476,4,0,0,0,0,0,0,0,0,6,NA,NA,1,2,2,2,2,8,8,1,2,2,1
2017,1.00653499470861,1,2,3,250.779851558667,1,1,1,1,1,1,1,1,0,3,2,NA,1,2,2,1,1,1,1,1,2,2,2
2017,1.21799098756003,2,3,3,4836.46856577428,5,0,0,0,0,0,0,0,0,4,1,2,1,1,1,1,1,8,6,1,1,1,1
2017,1.65545464470244,2,1,4,2149.54158478857,4,0,0,0,0,0,0,0,0,5,NA,NA,2,1,2,2,2,5,6,1,1,1,1
2017,0.264907765249226,2,1,4,2106.5507530928,3,1,1,1,0,1,1,1,1,1,NA,NA,1,1,2,1,1,6,6,1,2,2,1
2017,0.462916987986276,2,1,4,1612.15618859143,3,1,1,1,0,0,0,0,0,2,NA,NA,1,1,2,2,2,7,8,2,1,2,2
2017,0.861485940048556,2,2,4,2686.92698098571,4,0,0,0,0,0,0,0,0,4,1,5,2,2,2,2,2,8,10,1,1,1,1
2017,0.702580410015022,2,1,4,6448.62475436571,5,0,0,0,0,0,0,0,0,2,NA,NA,2,1,2,2,2,6,7,1,1,2,1
2017,0.913493240670024,2,3,2,5015.59703117333,5,0,0,0,0,0,0,0,0,3,1,4,2,1,2,2,2,6,6,1,1,1,1
2017,0.529815530498452,2,1,2,4406.56024881657,5,0,0,0,0,0,0,0,0,2,NA,NA,1,1,1,1,2,11,6,1,1,2,1
2017,0.506018352333885,1,2,2,3331.78945642228,4,0,0,0,0,0,0,0,0,2,NA,NA,1,1,1,1,1,6,5,1,1,1,1
2017,1.15465556669308,1,3,2,5660.4595066099,5,0,1,0,0,0,0,0,0,3,1,5,2,1,1,2,2,6,7,1,1,2,1
2017,0.492718181532495,1,3,2,9243.02881459085,5,0,0,0,0,0,0,0,0,2,1,3,1,1,2,2,2,8,6,1,1,2,1
2017,0.435832745171319,2,2,2,4084.12901109828,5,0,0,0,0,0,0,0,0,3,1,5,2,1,1,2,2,8,10,1,1,1,1
2017,0.506018352333885,1,2,2,7523.39554676,5,0,0,0,0,0,0,0,0,2,NA,NA,1,1,2,1,2,6,7,1,2,2,1
2017,1.05387061502253,2,1,2,680.688168516381,1,1,0,1,1,1,1,1,1,3,NA,NA,1,2,1,1,1,1,6,2,2,2,2
2017,0.506018352333885,1,2,2,3224.31237718286,4,1,1,1,0,0,0,0,0,2,NA,NA,1,2,1,1,1,5,12,1,2,2,2
2017,0.424377330708816,2,3,2,8598.16633915428,5,0,1,1,0,1,0,0,0,2,1,4,2,2,2,2,2,6,9,1,1,1,1
